latitude,longitude,brightness,scan,track,acq_date,acq_time,satellite,instrument,confidence,version,bright_t31,frp,daynight
33.183,74.077,301.5,1.5,1.2,2020-01-01,0530,Terra,MODIS,48,6.0NRT,280.6,12.3,D
31.051,72.795,300,2.3,1.5,2020-01-02,0750,Aqua,MODIS,17,6.0NRT,284.8,12.7,D
28.914,77.606,304.4,1.3,1.1,2020-01-02,0750,Aqua,MODIS,59,6.0NRT,292.4,5.4,D
29.807,72.713,306.9,2.5,1.5,2020-01-02,0750,Aqua,MODIS,64,6.0NRT,285.6,29.6,D
29.347,78.036,302.8,1.2,1.1,2020-01-02,0750,Aqua,MODIS,41,6.0NRT,285.6,6.5,D
29.813,72.738,300.2,2.5,1.5,2020-01-02,0750,Aqua,MODIS,32,6.0NRT,282.2,15.1,D
27.37,77.692,300.4,1.2,1.1,2020-01-03,0520,Terra,MODIS,33,6.0NRT,288.7,4.3,D
30.442,76.788,304.6,1.5,1.2,2020-01-03,0520,Terra,MODIS,59,6.0NRT,287.4,12,D
30.412,74.064,306.3,1.4,1.2,2020-01-03,0835,Aqua,MODIS,63,6.0NRT,292.5,8.1,D
30.637,73.454,302.9,1.3,1.1,2020-01-03,0835,Aqua,MODIS,54,6.0NRT,291.9,5.4,D
30.727,72.521,306.2,1.2,1.1,2020-01-03,0835,Aqua,MODIS,52,6.0NRT,290.8,6.3,D
30.726,72.509,311.2,1.2,1.1,2020-01-03,0835,Aqua,MODIS,70,6.0NRT,291.1,10.5,D
30.73,72.514,315.1,1.2,1.1,2020-01-03,0835,Aqua,MODIS,75,6.0NRT,290.9,15.2,D
30.925,72.798,301.6,1.2,1.1,2020-01-03,0835,Aqua,MODIS,45,6.0NRT,289.4,4.9,D
30.923,72.785,309.5,1.2,1.1,2020-01-03,0835,Aqua,MODIS,68,6.0NRT,289.5,11.3,D
31.013,73.452,308.4,1.3,1.1,2020-01-03,0835,Aqua,MODIS,67,6.0NRT,290.5,10.1,D
31.021,73.445,306.8,1.3,1.1,2020-01-03,0835,Aqua,MODIS,64,6.0NRT,290.4,8.6,D
31.648,72.979,302.5,1.2,1.1,2020-01-03,0835,Aqua,MODIS,49,6.0NRT,290.5,5.4,D
30.444,76.783,301.7,2.1,1.4,2020-01-03,0835,Aqua,MODIS,48,6.0NRT,289.7,11.3,D
30.413,74.078,313.4,1.4,1.2,2020-01-03,0835,Aqua,MODIS,74,6.0NRT,292.3,16.2,D
30.443,76.788,302,2.1,1.4,2020-01-03,0835,Aqua,MODIS,50,6.0NRT,289.6,12.2,D
31.527,72.569,302.1,1,1,2020-01-04,0605,Terra,MODIS,51,6.0NRT,288.2,5.2,D
31.882,73.064,300.7,1.1,1,2020-01-04,0605,Terra,MODIS,41,6.0NRT,286.9,4.5,D
29.204,76.86,306,2.2,1.4,2020-01-04,0740,Aqua,MODIS,62,6.0NRT,291.2,19.7,D
30.015,76.996,304.7,2,1.4,2020-01-04,0740,Aqua,MODIS,60,6.0NRT,289.5,17.6,D
31.302,75.337,301.5,2.5,1.5,2020-01-04,0740,Aqua,MODIS,47,6.0NRT,287.8,16.2,D
31.31,75.328,301.4,2.5,1.5,2020-01-04,0740,Aqua,MODIS,47,6.0NRT,287.9,17.3,D
28.084,79.05,301.6,1.7,1.3,2020-01-05,0820,Aqua,MODIS,48,6.0NRT,291.2,6.9,D
32.433,73.155,307.3,1.6,1.2,2020-01-10,0840,Aqua,MODIS,65,6.0NRT,291.1,14.1,D
32.888,73.04,302,1.6,1.2,2020-01-10,0840,Aqua,MODIS,50,6.0NRT,290.1,8.3,D
33.038,73.755,303.7,1.8,1.3,2020-01-10,0840,Aqua,MODIS,57,6.0NRT,290.8,11.7,D
32.94,72.213,303.9,1.4,1.2,2020-01-10,0840,Aqua,MODIS,46,6.0NRT,293.4,5.1,D
33.079,72.677,301.9,1.5,1.2,2020-01-10,0840,Aqua,MODIS,50,6.0NRT,291.2,6.2,D
33.259,72.996,307.1,1.6,1.2,2020-01-10,0840,Aqua,MODIS,65,6.0NRT,291.1,13.5,D
33.26,73.008,302,1.6,1.2,2020-01-10,0840,Aqua,MODIS,43,6.0NRT,291.2,6.7,D
33.259,72.991,302.9,1.6,1.2,2020-01-10,0840,Aqua,MODIS,54,6.0NRT,290.9,7.7,D
28.882,76.532,303.5,2.4,1.5,2020-01-10,0840,Aqua,MODIS,46,6.0NRT,291.2,15.5,D
28.856,76.398,303.2,1.9,1.3,2020-01-11,0745,Aqua,MODIS,45,6.0NRT,291,10.6,D
29.225,76.741,308.5,1.7,1.3,2020-01-11,0745,Aqua,MODIS,66,6.0NRT,290.7,18.8,D
29.135,77.246,301.6,1.7,1.3,2020-01-12,0515,Terra,MODIS,48,6.0NRT,289.5,7.6,D
28.518,77.328,308.3,1.7,1.3,2020-01-12,0825,Aqua,MODIS,59,6.0NRT,293.8,10.7,D
28.515,77.323,310.7,1.7,1.3,2020-01-12,0825,Aqua,MODIS,51,6.0NRT,295.3,13.3,D
29.231,77.08,300.9,1.6,1.3,2020-01-12,0825,Aqua,MODIS,43,6.0NRT,288.1,7.7,D
28.058,78.478,301.5,1.2,1.1,2020-01-14,0815,Aqua,MODIS,47,6.0NRT,291.1,4.4,D
32.005,72.318,302.1,1.5,1.2,2020-01-16,0805,Aqua,MODIS,51,6.0NRT,290.5,7.2,D
32.131,72.354,301.5,1.5,1.2,2020-01-16,0805,Aqua,MODIS,47,6.0NRT,291.2,6.5,D
32.761,74.512,319.1,2.5,1.5,2020-01-17,0845,Aqua,MODIS,69,6.0NRT,287.3,65.5,D
32.759,74.485,318.6,2.5,1.5,2020-01-17,0845,Aqua,MODIS,74,6.0NRT,289.4,64.2,D
32.767,74.506,322.3,2.5,1.5,2020-01-17,0845,Aqua,MODIS,82,6.0NRT,287,76.2,D
32.765,74.479,308.2,2.5,1.5,2020-01-17,0845,Aqua,MODIS,67,6.0NRT,288.7,32,D
33.032,73.746,301.2,2.2,1.4,2020-01-17,0845,Aqua,MODIS,41,6.0NRT,285.9,13.7,D
31.064,74.047,300.5,1.9,1.3,2020-01-18,0750,Aqua,MODIS,35,6.0NRT,288.1,9.9,D
32.468,74.108,303.3,2.3,1.5,2020-01-19,0520,Terra,MODIS,48,6.0NRT,283.6,23.5,D
30.768,72.59,304.7,1.2,1.1,2020-01-19,0835,Aqua,MODIS,60,6.0NRT,290.7,6.3,D
31.023,72.578,301.5,1.2,1.1,2020-01-19,0835,Aqua,MODIS,47,6.0NRT,290.5,4.6,D
31.088,72.775,302.7,1.2,1.1,2020-01-19,0835,Aqua,MODIS,53,6.0NRT,291,5.4,D
31.386,72.395,302.2,1.2,1.1,2020-01-19,0835,Aqua,MODIS,37,6.0NRT,290,4.9,D
31.81,73.124,307.8,1.3,1.1,2020-01-19,0835,Aqua,MODIS,66,6.0NRT,292,9.9,D
32.15,73.342,308.4,1.3,1.1,2020-01-19,0835,Aqua,MODIS,51,6.0NRT,290.7,10.8,D
32.149,73.349,306.2,1.3,1.1,2020-01-19,0835,Aqua,MODIS,56,6.0NRT,289,8.6,D
32.467,74.105,314,1.5,1.2,2020-01-19,0835,Aqua,MODIS,74,6.0NRT,278.3,27.8,D
32.821,74.433,302,1.6,1.2,2020-01-19,0835,Aqua,MODIS,50,6.0NRT,289.8,8,D
32.97,72.534,334.7,1.2,1.1,2020-01-19,0835,Aqua,MODIS,89,6.0NRT,291.6,45.5,D
32.968,72.521,321.8,1.2,1.1,2020-01-19,0835,Aqua,MODIS,81,6.0NRT,291.5,24.4,D
32.972,72.54,310.2,1.2,1.1,2020-01-19,0835,Aqua,MODIS,67,6.0NRT,290.5,10.5,D
32.971,72.527,331.2,1.2,1.1,2020-01-19,0835,Aqua,MODIS,87,6.0NRT,292.3,38.4,D
33.037,72.934,303.4,1.3,1.1,2020-01-19,0835,Aqua,MODIS,56,6.0NRT,287.4,7.5,D
33.036,72.921,303.9,1.3,1.1,2020-01-19,0835,Aqua,MODIS,57,6.0NRT,287.8,7.8,D
33.188,72.559,301.5,1.2,1.1,2020-01-19,0835,Aqua,MODIS,47,6.0NRT,290.5,4.7,D
33.29,72.403,301,1.2,1.1,2020-01-19,0835,Aqua,MODIS,44,6.0NRT,290,4,D
31.633,73.628,305.9,1.1,1.1,2020-01-20,0605,Terra,MODIS,62,6.0NRT,288.9,8.6,D
30.318,72.756,304.1,1,1,2020-01-21,0820,Aqua,MODIS,58,6.0NRT,291.5,4.4,D
30.316,72.746,301.8,1,1,2020-01-21,0820,Aqua,MODIS,49,6.0NRT,291.3,3.2,D
31.555,72.901,305.6,1,1,2020-01-21,0820,Aqua,MODIS,62,6.0NRT,288.8,5.8,D
32.313,72.533,301.1,1.1,1,2020-01-22,0550,Terra,MODIS,44,6.0NRT,289.5,4.3,D
32.185,72.992,303.7,1,1,2020-01-22,0550,Terra,MODIS,57,6.0NRT,287.6,6.1,D
32.176,72.996,301.6,1,1,2020-01-22,0550,Terra,MODIS,48,6.0NRT,287.3,5.2,D
31.924,74.732,305.6,1,1,2020-01-22,0550,Terra,MODIS,62,6.0NRT,287.9,7.4,D
31.923,74.742,302,1,1,2020-01-22,0550,Terra,MODIS,50,6.0NRT,287.4,5.4,D
29.802,75.524,309.3,1.1,1,2020-01-22,0550,Terra,MODIS,68,6.0NRT,289.9,10,D
29.736,75.302,301.3,1.1,1,2020-01-22,0550,Terra,MODIS,41,6.0NRT,289.6,4.6,D
29.734,75.313,300.8,1.1,1,2020-01-22,0550,Terra,MODIS,37,6.0NRT,290,4.4,D
29.725,75.311,305.1,1.1,1,2020-01-22,0550,Terra,MODIS,61,6.0NRT,289.9,7,D
29.916,72.83,304,1,1,2020-01-22,0550,Terra,MODIS,58,6.0NRT,289,5.7,D
28.953,75.565,306.6,1.1,1,2020-01-22,0550,Terra,MODIS,45,6.0NRT,291.6,6.6,D
32.785,74.464,320.4,3.6,1.8,2020-01-23,0635,Terra,MODIS,80,6.0NRT,288.8,121.9,D
32.933,72.947,302.9,2.8,1.6,2020-01-23,0635,Terra,MODIS,54,6.0NRT,287.3,26.4,D
31.788,72.969,300.5,3,1.7,2020-01-23,0635,Terra,MODIS,39,6.0NRT,289.3,19.3,D
31.789,72.962,302.4,3,1.7,2020-01-23,0635,Terra,MODIS,52,6.0NRT,289.5,23.5,D
31.512,75.567,302.4,1,1,2020-01-23,0810,Aqua,MODIS,52,6.0NRT,290.6,4.6,D
28.592,79.006,303.9,1.1,1.1,2020-01-23,0810,Aqua,MODIS,57,6.0NRT,292.7,5.9,D
28.902,77.446,302.9,1,1,2020-01-23,0810,Aqua,MODIS,54,6.0NRT,291.5,4.5,D
28.935,76.952,302.6,1,1,2020-01-23,0810,Aqua,MODIS,50,6.0NRT,291.2,4.3,D
28.89,76.44,302.8,1,1,2020-01-23,0810,Aqua,MODIS,32,6.0NRT,291.8,3.6,D
28.889,76.43,308.5,1,1,2020-01-23,0810,Aqua,MODIS,63,6.0NRT,293.3,7.3,D
29.721,78.079,303.3,1.1,1,2020-01-23,0810,Aqua,MODIS,48,6.0NRT,292.1,5,D
29.725,77.823,303.3,1.1,1,2020-01-23,0810,Aqua,MODIS,55,6.0NRT,291.7,4.5,D
29.956,74.504,320,1.1,1,2020-01-23,0810,Aqua,MODIS,80,6.0NRT,292.1,19,D
30.513,76.251,301.6,1,1,2020-01-23,0810,Aqua,MODIS,48,6.0NRT,289,4.8,D
30.671,72.731,304.1,1.2,1.1,2020-01-23,0810,Aqua,MODIS,44,6.0NRT,293,5.1,D
30.669,72.718,307.5,1.2,1.1,2020-01-23,0810,Aqua,MODIS,65,6.0NRT,292.8,7.9,D
30.671,72.725,310.1,1.2,1.1,2020-01-23,0810,Aqua,MODIS,69,6.0NRT,293,10.1,D
30.777,72.563,303.7,1.2,1.1,2020-01-23,0810,Aqua,MODIS,55,6.0NRT,292.5,6.1,D
31.353,75.686,300.4,1,1,2020-01-23,0810,Aqua,MODIS,36,6.0NRT,290.2,3.8,D
31.043,72.549,306.4,1.2,1.1,2020-01-23,0810,Aqua,MODIS,62,6.0NRT,292.4,8.3,D
31.509,75.364,306.3,1,1,2020-01-23,0810,Aqua,MODIS,63,6.0NRT,289.3,7.8,D
31.382,74.334,303,1,1,2020-01-23,0810,Aqua,MODIS,54,6.0NRT,291.1,3.4,D
31.389,74.146,302.4,1.1,1,2020-01-23,0810,Aqua,MODIS,39,6.0NRT,290.8,3.8,D
31.357,73.529,307.3,1.1,1,2020-01-23,0810,Aqua,MODIS,65,6.0NRT,291.6,7.6,D
31.364,73.534,302.9,1.1,1,2020-01-23,0810,Aqua,MODIS,54,6.0NRT,291.2,4.8,D
31.362,73.522,301.8,1.1,1,2020-01-23,0810,Aqua,MODIS,46,6.0NRT,291.4,3.9,D
31.671,75.394,306.1,1,1,2020-01-23,0810,Aqua,MODIS,63,6.0NRT,289.6,7.3,D
31.669,75.384,312.5,1,1,2020-01-23,0810,Aqua,MODIS,73,6.0NRT,289.7,11.8,D
31.378,73.507,303.2,1.1,1,2020-01-23,0810,Aqua,MODIS,52,6.0NRT,291.6,4.5,D
31.556,73.73,308.2,1.1,1,2020-01-23,0810,Aqua,MODIS,67,6.0NRT,291.4,8.6,D
31.866,75.342,300,1,1,2020-01-23,0810,Aqua,MODIS,18,6.0NRT,289.7,3.8,D
31.793,72.713,311.8,1.2,1.1,2020-01-23,0810,Aqua,MODIS,70,6.0NRT,293.2,11.6,D
32.24,72.435,307.2,1.2,1.1,2020-01-23,0810,Aqua,MODIS,62,6.0NRT,293.5,7.9,D
32.786,74.45,343.4,1,1,2020-01-23,0810,Aqua,MODIS,93,6.0NRT,293.9,49.8,D
32.784,74.439,314.1,1,1,2020-01-23,0810,Aqua,MODIS,74,6.0NRT,292.2,11.9,D
32.877,74.14,308.7,1,1,2020-01-23,0810,Aqua,MODIS,68,6.0NRT,292.2,7.2,D
32.689,72.352,304.6,1.2,1.1,2020-01-23,0810,Aqua,MODIS,58,6.0NRT,291.6,6.6,D
33.074,72.259,316.4,1.2,1.1,2020-01-23,0810,Aqua,MODIS,77,6.0NRT,292.1,15.4,D
33.114,72.378,303.6,1.2,1.1,2020-01-23,0810,Aqua,MODIS,56,6.0NRT,291.3,5.2,D
33.271,73.005,305.9,1.1,1,2020-01-23,0810,Aqua,MODIS,62,6.0NRT,290.9,7,D
33.27,72.993,306.7,1.1,1,2020-01-23,0810,Aqua,MODIS,64,6.0NRT,290.9,7.7,D
30.035,77.126,305.1,1,1,2020-01-24,0540,Terra,MODIS,61,6.0NRT,288.1,7,D
30.034,77.136,306.5,1,1,2020-01-24,0540,Terra,MODIS,64,6.0NRT,288.2,7.7,D
29.998,77.066,308.7,1,1,2020-01-24,0540,Terra,MODIS,67,6.0NRT,288.9,8.8,D
29.997,77.076,304.8,1,1,2020-01-24,0540,Terra,MODIS,60,6.0NRT,288.1,6.3,D
29.692,77.559,301.8,1,1,2020-01-24,0540,Terra,MODIS,49,6.0NRT,289.1,4.8,D
29.627,77.503,302.6,1,1,2020-01-24,0540,Terra,MODIS,53,6.0NRT,288,5.5,D
29.155,77.511,304.7,1,1,2020-01-24,0540,Terra,MODIS,60,6.0NRT,287.9,6.1,D
29.187,77.179,300.9,1,1,2020-01-24,0540,Terra,MODIS,42,6.0NRT,290,3.6,D
29.009,78.321,301,1.1,1,2020-01-24,0540,Terra,MODIS,44,6.0NRT,287.6,4.5,D
29.096,77.292,304.3,1,1,2020-01-24,0540,Terra,MODIS,59,6.0NRT,289.7,5.6,D
28.993,76.194,302.7,1,1,2020-01-24,0540,Terra,MODIS,53,6.0NRT,289,5.2,D
28.863,76.199,300.6,1,1,2020-01-24,0540,Terra,MODIS,37,6.0NRT,287.8,3.7,D
28.854,76.198,304.2,1,1,2020-01-24,0540,Terra,MODIS,58,6.0NRT,287.2,5.7,D
31.408,72.401,306.2,2.2,1.4,2020-01-24,0855,Aqua,MODIS,60,6.0NRT,293.1,17.1,D
32.3,72.927,305.7,2.5,1.5,2020-01-24,0855,Aqua,MODIS,60,6.0NRT,292.7,18.2,D
33.143,73.421,303.7,2.7,1.6,2020-01-24,0855,Aqua,MODIS,57,6.0NRT,290.9,18.6,D
33.141,73.391,301.5,2.7,1.6,2020-01-24,0855,Aqua,MODIS,47,6.0NRT,290.9,13.7,D
33.146,73.416,305.8,2.7,1.6,2020-01-24,0855,Aqua,MODIS,62,6.0NRT,290.9,22.8,D
28.811,77.813,302,1.1,1,2020-01-25,0755,Aqua,MODIS,49,6.0NRT,291.3,3.9,D
29.081,77.245,306.3,1.1,1.1,2020-01-25,0755,Aqua,MODIS,63,6.0NRT,292,6.2,D
29.26,77.39,316.5,1.1,1,2020-01-25,0755,Aqua,MODIS,77,6.0NRT,289.6,15.5,D
29.277,77.432,307.2,1.1,1,2020-01-25,0755,Aqua,MODIS,65,6.0NRT,289.9,7.9,D
29.225,76.752,315.1,1.2,1.1,2020-01-25,0755,Aqua,MODIS,75,6.0NRT,291.4,15.1,D
29.228,76.746,310.9,1.2,1.1,2020-01-25,0755,Aqua,MODIS,71,6.0NRT,291.1,12.3,D
30.354,76.157,301.7,1.2,1.1,2020-01-25,0755,Aqua,MODIS,45,6.0NRT,289.5,5.4,D
28.03,77.401,302.5,1.1,1,2020-01-26,0530,Terra,MODIS,52,6.0NRT,289,5.8,D
27.375,77.693,303,1,1,2020-01-26,0530,Terra,MODIS,46,6.0NRT,292,4.6,D
30.862,73.12,304.6,1.5,1.2,2020-01-26,0840,Aqua,MODIS,55,6.0NRT,294.4,7,D
31.597,74.559,302.1,1.9,1.4,2020-01-26,0840,Aqua,MODIS,51,6.0NRT,291.9,10.8,D
32.451,73.634,307.2,1.7,1.3,2020-01-26,0840,Aqua,MODIS,63,6.0NRT,293.6,12.4,D
32.437,72.952,306.5,1.5,1.2,2020-01-26,0840,Aqua,MODIS,60,6.0NRT,294,9.3,D
32.717,73.591,306.1,1.7,1.3,2020-01-26,0840,Aqua,MODIS,46,6.0NRT,293.6,8.5,D
32.77,72.976,302.2,1.6,1.2,2020-01-26,0840,Aqua,MODIS,37,6.0NRT,290.8,6,D
32.979,72.801,307.7,1.5,1.2,2020-01-26,0840,Aqua,MODIS,63,6.0NRT,293.2,10.9,D
33.094,73.709,307.9,1.8,1.3,2020-01-26,0840,Aqua,MODIS,65,6.0NRT,292.5,13.2,D
33.093,73.721,303.6,1.8,1.3,2020-01-26,0840,Aqua,MODIS,52,6.0NRT,292.5,7.1,D
33.091,73.703,302.2,1.8,1.3,2020-01-26,0840,Aqua,MODIS,43,6.0NRT,291.6,5.6,D
32.972,72.488,311.8,1.5,1.2,2020-01-26,0840,Aqua,MODIS,70,6.0NRT,293.2,14.7,D
33.029,72.938,302.7,1.6,1.2,2020-01-26,0840,Aqua,MODIS,47,6.0NRT,292,5.8,D
32.957,72.24,317.3,1.4,1.2,2020-01-26,0840,Aqua,MODIS,76,6.0NRT,291.7,20.8,D
33.079,72.435,317,1.5,1.2,2020-01-26,0840,Aqua,MODIS,76,6.0NRT,292.6,22.1,D
33.077,72.419,318.2,1.5,1.2,2020-01-26,0840,Aqua,MODIS,77,6.0NRT,293.8,23.8,D
33.216,72.765,305.4,1.5,1.2,2020-01-26,0840,Aqua,MODIS,57,6.0NRT,293.8,7.3,D
28.048,77.359,302.6,2.8,1.6,2020-01-29,2115,Aqua,MODIS,50,6.0NRT,280.4,42.2,N
28.045,77.353,305.7,2.8,1.6,2020-01-29,2115,Aqua,MODIS,65,6.0NRT,280.6,50.8,N
31.543,75.619,307.1,1,1,2020-01-30,0815,Aqua,MODIS,65,6.0NRT,290.4,7.6,D
32.085,72.36,303.6,1.1,1,2020-01-30,0815,Aqua,MODIS,44,6.0NRT,291.2,4.9,D
32.114,72.313,304.4,1.1,1,2020-01-30,0815,Aqua,MODIS,41,6.0NRT,290.5,4.8,D
27.509,76.668,311.6,1.1,1,2020-02-01,0805,Aqua,MODIS,54,6.0NRT,298.2,7.9,D
28.101,78.086,308.6,1,1,2020-02-01,0805,Aqua,MODIS,67,6.0NRT,292.3,7.9,D
28.822,76.432,309.8,1.1,1,2020-02-01,0805,Aqua,MODIS,65,6.0NRT,292.6,9,D
29.101,77.175,301.2,1,1,2020-02-01,0805,Aqua,MODIS,45,6.0NRT,290.7,3,D
29.637,78.662,316.5,1,1,2020-02-01,0805,Aqua,MODIS,67,6.0NRT,291.7,15.4,D
29.636,78.652,312.5,1,1,2020-02-01,0805,Aqua,MODIS,73,6.0NRT,290.8,12.2,D
29.696,78.087,301,1,1,2020-02-01,0805,Aqua,MODIS,44,6.0NRT,288.4,3.7,D
31.5,75.764,319.3,1,1,2020-02-01,0805,Aqua,MODIS,79,6.0NRT,289.6,18,D
31.59,72.77,307,1.4,1.2,2020-02-01,0805,Aqua,MODIS,64,6.0NRT,292,9.9,D
32.065,72.833,303,1.4,1.2,2020-02-01,0805,Aqua,MODIS,53,6.0NRT,290.2,7.4,D
32.142,72.354,308.5,1.5,1.2,2020-02-01,0805,Aqua,MODIS,66,6.0NRT,293.4,11.9,D
32.796,74.202,305.4,1.2,1.1,2020-02-01,0805,Aqua,MODIS,61,6.0NRT,291.7,7.3,D
28.457,78.335,302.6,1,1,2020-02-02,0535,Terra,MODIS,53,6.0NRT,290.4,4.4,D
31.08,72.8,306.3,1.8,1.3,2020-02-02,0845,Aqua,MODIS,61,6.0NRT,293,13.1,D
31.079,72.781,306,1.8,1.3,2020-02-02,0845,Aqua,MODIS,61,6.0NRT,292.9,12.6,D
31.571,72.737,305.1,1.8,1.3,2020-02-02,0845,Aqua,MODIS,57,6.0NRT,293.2,11.1,D
31.968,73.105,304.7,2,1.4,2020-02-02,0845,Aqua,MODIS,56,6.0NRT,293.3,12.6,D
32.843,72.364,311.7,1.8,1.3,2020-02-02,0845,Aqua,MODIS,70,6.0NRT,295,17.9,D
33.028,72.936,301.5,2,1.4,2020-02-02,0845,Aqua,MODIS,36,6.0NRT,290.7,9.9,D
31.499,72.574,313.8,1.5,1.2,2020-02-03,0615,Terra,MODIS,74,6.0NRT,290.8,20.8,D
31.489,72.571,303.2,1.5,1.2,2020-02-03,0615,Terra,MODIS,45,6.0NRT,290.7,7.5,D
28.637,78.824,303.1,1.1,1.1,2020-02-03,0750,Aqua,MODIS,54,6.0NRT,292.6,4.3,D
28.728,77.892,304.2,1.2,1.1,2020-02-03,0750,Aqua,MODIS,57,6.0NRT,293.6,5.6,D
30.143,76.949,301.6,1.3,1.1,2020-02-03,0750,Aqua,MODIS,48,6.0NRT,291.2,5.6,D
32.228,73.523,304.4,1.9,1.4,2020-02-03,0750,Aqua,MODIS,59,6.0NRT,291.2,14.8,D
32.623,72.333,301.5,2.3,1.5,2020-02-03,0750,Aqua,MODIS,23,6.0NRT,290.7,9.7,D
32.626,72.349,301.9,2.3,1.5,2020-02-03,0750,Aqua,MODIS,49,6.0NRT,291.9,12.1,D
27.9,78.923,302.1,1.1,1,2020-02-04,0520,Terra,MODIS,50,6.0NRT,290.9,4.6,D
28.007,77.296,313.4,1.3,1.1,2020-02-04,0520,Terra,MODIS,74,6.0NRT,289.7,17.4,D
33.173,72.38,302.4,1,1,2020-02-05,0605,Terra,MODIS,52,6.0NRT,289.2,4.9,D
32.976,72.987,302.1,1.1,1,2020-02-05,0605,Terra,MODIS,51,6.0NRT,286.5,6,D
31.306,75.347,300.5,2.5,1.5,2020-02-05,0740,Aqua,MODIS,38,6.0NRT,290.1,12.9,D
29.231,75.715,300.6,2.7,1.6,2020-02-06,0510,Terra,MODIS,37,6.0NRT,289.8,15.7,D
32.557,73.599,301.9,1,1,2020-02-06,0820,Aqua,MODIS,50,6.0NRT,291.2,3.9,D
28.649,77.701,303.3,1.4,1.2,2020-02-06,0820,Aqua,MODIS,52,6.0NRT,292.2,6.8,D
29.549,78.179,303.3,1.5,1.2,2020-02-06,0820,Aqua,MODIS,55,6.0NRT,293.1,6.7,D
29.826,74.979,302.3,1.1,1,2020-02-06,0820,Aqua,MODIS,32,6.0NRT,290.5,3.8,D
30.193,77.481,305.4,1.4,1.2,2020-02-06,0820,Aqua,MODIS,61,6.0NRT,290.9,9.5,D
30.41,77.216,300,1.4,1.2,2020-02-06,0820,Aqua,MODIS,24,6.0NRT,290,5.1,D
30.347,74.055,304.7,1,1,2020-02-06,0820,Aqua,MODIS,60,6.0NRT,292.1,5.4,D
31.244,75.741,310,1.2,1.1,2020-02-06,0820,Aqua,MODIS,69,6.0NRT,292,11,D
31.087,74.425,303.6,1.1,1,2020-02-06,0820,Aqua,MODIS,56,6.0NRT,293,3.5,D
31.305,75.343,301.8,1.1,1.1,2020-02-06,0820,Aqua,MODIS,35,6.0NRT,291.1,3.3,D
31.31,75.336,301.7,1.1,1.1,2020-02-06,0820,Aqua,MODIS,35,6.0NRT,290.5,3.9,D
31.047,72.865,305,1,1,2020-02-06,0820,Aqua,MODIS,57,6.0NRT,293,4.4,D
31.192,73.843,308.5,1,1,2020-02-06,0820,Aqua,MODIS,67,6.0NRT,291.5,7.6,D
31.751,75.557,300.4,1.2,1.1,2020-02-06,0820,Aqua,MODIS,23,6.0NRT,289.9,4.4,D
31.384,72.646,310.1,1,1,2020-02-06,0820,Aqua,MODIS,66,6.0NRT,293.2,8,D
31.392,72.383,310.9,1,1,2020-02-06,0820,Aqua,MODIS,67,6.0NRT,292.8,8.4,D
31.84,75.536,312.9,1.2,1.1,2020-02-06,0820,Aqua,MODIS,73,6.0NRT,290,14.3,D
31.913,75.38,301.5,1.2,1.1,2020-02-06,0820,Aqua,MODIS,47,6.0NRT,290.3,5.2,D
31.572,72.671,307,1,1,2020-02-06,0820,Aqua,MODIS,59,6.0NRT,292.6,5.5,D
31.701,73.326,306.5,1,1,2020-02-06,0820,Aqua,MODIS,62,6.0NRT,291.6,6.3,D
31.697,72.844,321.3,1,1,2020-02-06,0820,Aqua,MODIS,80,6.0NRT,295.4,16.5,D
31.696,72.833,314.1,1,1,2020-02-06,0820,Aqua,MODIS,72,6.0NRT,294.3,10,D
32.092,74.764,302.4,1.1,1,2020-02-06,0820,Aqua,MODIS,52,6.0NRT,291.9,4.7,D
31.854,72.972,304.5,1,1,2020-02-06,0820,Aqua,MODIS,52,6.0NRT,293.1,3.7,D
31.85,72.941,303,1,1,2020-02-06,0820,Aqua,MODIS,41,6.0NRT,292.3,3.2,D
31.892,73.18,302.9,1,1,2020-02-06,0820,Aqua,MODIS,47,6.0NRT,291.5,3.9,D
31.887,73.009,315.4,1,1,2020-02-06,0820,Aqua,MODIS,74,6.0NRT,292.6,11.8,D
31.885,72.998,303.9,1,1,2020-02-06,0820,Aqua,MODIS,50,6.0NRT,292.7,3.6,D
32.008,73.281,323.8,1,1,2020-02-06,0820,Aqua,MODIS,82,6.0NRT,292.3,20.9,D
32.007,73.27,306.8,1,1,2020-02-06,0820,Aqua,MODIS,62,6.0NRT,292.3,6.1,D
32.148,73.296,304.7,1,1,2020-02-06,0820,Aqua,MODIS,57,6.0NRT,291.1,5.1,D
32.147,73.285,304.6,1,1,2020-02-06,0820,Aqua,MODIS,56,6.0NRT,291.6,5,D
32.082,72.436,304.1,1,1,2020-02-06,0820,Aqua,MODIS,43,6.0NRT,293.4,4.2,D
32.299,73.458,302.7,1,1,2020-02-06,0820,Aqua,MODIS,51,6.0NRT,290.9,4.1,D
32.341,73.029,305.4,1,1,2020-02-06,0820,Aqua,MODIS,58,6.0NRT,292,5.4,D
32.602,73.87,302.1,1,1,2020-02-06,0820,Aqua,MODIS,51,6.0NRT,290.4,4.2,D
32.601,73.859,302,1,1,2020-02-06,0820,Aqua,MODIS,50,6.0NRT,291,4.1,D
32.78,72.684,303.5,1,1,2020-02-06,0820,Aqua,MODIS,46,6.0NRT,291.6,4.1,D
32.812,72.573,307.2,1,1,2020-02-06,0820,Aqua,MODIS,65,6.0NRT,292.5,4.9,D
32.875,72.566,312.8,1,1,2020-02-06,0825,Aqua,MODIS,55,6.0NRT,296,8,D
32.876,72.577,307.8,1,1,2020-02-06,0825,Aqua,MODIS,50,6.0NRT,293.9,4.3,D
30.851,73.759,304,1,1,2020-02-07,0550,Terra,MODIS,58,6.0NRT,289.4,5.3,D
30.031,77.191,302.1,1.3,1.1,2020-02-07,0550,Terra,MODIS,51,6.0NRT,287.6,7.4,D
29.449,77.28,303.2,1.3,1.1,2020-02-07,0550,Terra,MODIS,55,6.0NRT,289.2,7.1,D
29.438,77.278,300.4,1.3,1.1,2020-02-07,0550,Terra,MODIS,34,6.0NRT,289.2,4.5,D
29.294,77.041,310.3,1.3,1.1,2020-02-07,0550,Terra,MODIS,70,6.0NRT,288.6,14.8,D
29.852,73.53,304,1,1,2020-02-07,0550,Terra,MODIS,58,6.0NRT,289,5.8,D
29.072,77.588,302.6,1.4,1.2,2020-02-07,0550,Terra,MODIS,53,6.0NRT,289.3,7.4,D
29.051,77.548,300.2,1.4,1.2,2020-02-07,0550,Terra,MODIS,31,6.0NRT,289.7,5.1,D
30.034,77.178,309.7,1.3,1.1,2020-02-07,0550,Terra,MODIS,69,6.0NRT,288.2,14.1,D
32.683,72.377,306,1.1,1,2020-02-07,0550,Terra,MODIS,63,6.0NRT,290.5,6.5,D
32.681,72.389,303.4,1.1,1,2020-02-07,0550,Terra,MODIS,56,6.0NRT,290.5,4.8,D
32.368,72.597,302.6,1,1,2020-02-07,0550,Terra,MODIS,53,6.0NRT,290.2,4.8,D
30.998,73.885,302.5,1,1,2020-02-07,0550,Terra,MODIS,53,6.0NRT,288.9,4.6,D
32.367,72.608,302.1,1,1,2020-02-07,0550,Terra,MODIS,51,6.0NRT,290.2,4.4,D
31.955,75.418,301.6,1,1,2020-02-07,0550,Terra,MODIS,48,6.0NRT,287.9,5,D
32.346,72.221,321.1,1.1,1,2020-02-07,0550,Terra,MODIS,81,6.0NRT,293,19.8,D
31.702,75.502,304.4,1,1,2020-02-07,0550,Terra,MODIS,42,6.0NRT,288.5,6.5,D
32.128,72.33,308.3,1.1,1,2020-02-07,0550,Terra,MODIS,67,6.0NRT,291.5,7.4,D
32.119,72.329,306.7,1.1,1,2020-02-07,0550,Terra,MODIS,64,6.0NRT,291.7,6.3,D
31.603,75.706,300.5,1.1,1,2020-02-07,0550,Terra,MODIS,37,6.0NRT,289,4,D
31.613,73.071,300.8,1,1,2020-02-07,0550,Terra,MODIS,42,6.0NRT,288.9,3.9,D
31.673,72.51,300.6,1,1,2020-02-07,0550,Terra,MODIS,39,6.0NRT,289.6,4.2,D
31.587,72.793,305.7,1,1,2020-02-07,0550,Terra,MODIS,62,6.0NRT,290.3,6.2,D
31.557,72.814,301.1,1,1,2020-02-07,0550,Terra,MODIS,44,6.0NRT,289.4,3.8,D
31.416,72.367,302.8,1,1,2020-02-07,0550,Terra,MODIS,54,6.0NRT,289.7,5,D
28.084,78.098,301.7,1.6,1.2,2020-02-07,0555,Terra,MODIS,48,6.0NRT,291.1,7.8,D
31.481,72.651,305.4,1.2,1.1,2020-02-08,0810,Aqua,MODIS,50,6.0NRT,293.9,5.5,D
31.766,72.826,307,1.2,1.1,2020-02-08,0810,Aqua,MODIS,59,6.0NRT,295.1,6.2,D
31.771,72.737,308.8,1.2,1.1,2020-02-08,0810,Aqua,MODIS,63,6.0NRT,295.4,7.8,D
31.871,73.019,305.7,1.1,1.1,2020-02-08,0810,Aqua,MODIS,54,6.0NRT,294.9,4.6,D
31.867,72.934,304.1,1.2,1.1,2020-02-08,0810,Aqua,MODIS,45,6.0NRT,293.8,4.1,D
32.176,73.425,304.8,1.1,1,2020-02-08,0810,Aqua,MODIS,46,6.0NRT,294.2,4.9,D
32.175,73.414,306.4,1.1,1,2020-02-08,0810,Aqua,MODIS,50,6.0NRT,293.9,6.1,D
32.224,72.361,308.2,1.2,1.1,2020-02-08,0810,Aqua,MODIS,50,6.0NRT,295.5,6.6,D
32.331,72.676,312.1,1.2,1.1,2020-02-08,0810,Aqua,MODIS,68,6.0NRT,294.6,11.1,D
32.329,72.664,309.5,1.2,1.1,2020-02-08,0810,Aqua,MODIS,62,6.0NRT,295.2,8.6,D
32.597,73.622,305.3,1.1,1,2020-02-08,0810,Aqua,MODIS,56,6.0NRT,293,5.8,D
32.817,74.191,308.3,1,1,2020-02-08,0810,Aqua,MODIS,67,6.0NRT,294.3,6.7,D
32.815,74.181,310.5,1,1,2020-02-08,0810,Aqua,MODIS,70,6.0NRT,294.8,8.2,D
32.77,72.675,312,1.2,1.1,2020-02-08,0810,Aqua,MODIS,68,6.0NRT,293.8,10.8,D
33.328,74.088,310.1,1,1,2020-02-08,0810,Aqua,MODIS,69,6.0NRT,294.6,8.5,D
33.088,72.536,310.4,1.2,1.1,2020-02-08,0810,Aqua,MODIS,65,6.0NRT,295.2,8.9,D
33.22,72.773,306.6,1.1,1.1,2020-02-08,0810,Aqua,MODIS,57,6.0NRT,295.6,5.3,D
28.515,78.216,305,1.1,1,2020-02-08,0810,Aqua,MODIS,44,6.0NRT,294.9,4.2,D
28.973,77.31,304.1,1,1,2020-02-08,0810,Aqua,MODIS,52,6.0NRT,292.4,4.3,D
29.052,77.829,306.2,1,1,2020-02-08,0810,Aqua,MODIS,60,6.0NRT,293.2,5.4,D
29.213,78.941,306.3,1.1,1.1,2020-02-08,0810,Aqua,MODIS,57,6.0NRT,295.4,5.2,D
29.043,77.424,303.9,1,1,2020-02-08,0810,Aqua,MODIS,51,6.0NRT,293.8,3.6,D
28.951,75.557,319.2,1,1,2020-02-08,0810,Aqua,MODIS,53,6.0NRT,304.8,9.7,D
29.175,76.783,313,1,1,2020-02-08,0810,Aqua,MODIS,71,6.0NRT,292.3,10.9,D
29.346,77.978,305.3,1.1,1,2020-02-08,0810,Aqua,MODIS,60,6.0NRT,294.6,4.9,D
29.861,72.823,316.7,1.2,1.1,2020-02-08,0810,Aqua,MODIS,75,6.0NRT,296.6,16.1,D
30.51,76.25,305.6,1,1,2020-02-08,0810,Aqua,MODIS,62,6.0NRT,291.6,6,D
30.861,76.462,307.2,1,1,2020-02-08,0810,Aqua,MODIS,65,6.0NRT,291.4,7.3,D
31.065,75.441,308,1,1,2020-02-08,0810,Aqua,MODIS,66,6.0NRT,292.4,7.7,D
31.063,75.43,311.6,1,1,2020-02-08,0810,Aqua,MODIS,71,6.0NRT,292.3,10.3,D
31.26,75.89,301.9,1,1,2020-02-08,0810,Aqua,MODIS,50,6.0NRT,291.3,4.3,D
31.258,75.88,304.3,1,1,2020-02-08,0810,Aqua,MODIS,59,6.0NRT,291.8,5.6,D
31.046,74.04,308.3,1.1,1,2020-02-08,0810,Aqua,MODIS,65,6.0NRT,296.1,7.4,D
31.044,74.029,308.6,1.1,1,2020-02-08,0810,Aqua,MODIS,66,6.0NRT,296.9,7.5,D
31.367,75.799,305.1,1,1,2020-02-08,0810,Aqua,MODIS,61,6.0NRT,292.8,4.9,D
31.171,73.564,303.8,1.1,1,2020-02-08,0810,Aqua,MODIS,54,6.0NRT,292.8,5.1,D
31.555,75.696,305.7,1,1,2020-02-08,0810,Aqua,MODIS,62,6.0NRT,293.4,5.1,D
31.538,75.581,307.8,1,1,2020-02-08,0810,Aqua,MODIS,66,6.0NRT,292.8,6.9,D
31.222,72.703,308.7,1.2,1.1,2020-02-08,0810,Aqua,MODIS,63,6.0NRT,294.7,8.6,D
31.716,75.79,303.6,1,1,2020-02-08,0810,Aqua,MODIS,57,6.0NRT,292.1,4.2,D
31.726,75.542,307.3,1,1,2020-02-08,0810,Aqua,MODIS,0,6.0NRT,291.1,7.7,D
31.814,75.519,312.5,1,1,2020-02-08,0810,Aqua,MODIS,73,6.0NRT,291.6,11,D
31.868,75.501,304,1,1,2020-02-08,0810,Aqua,MODIS,58,6.0NRT,290.2,5.7,D
31.478,72.644,307.5,1.2,1.1,2020-02-08,0810,Aqua,MODIS,60,6.0NRT,294,7.3,D
32.548,72.199,309.6,1.4,1.2,2020-02-08,1735,Terra,MODIS,78,6.0NRT,278.7,22.6,N
32.441,73.204,302.1,1.3,1.1,2020-02-09,0540,Terra,MODIS,51,6.0NRT,289.6,6.8,D
32.325,72.516,304.7,1.5,1.2,2020-02-09,0540,Terra,MODIS,59,6.0NRT,291.5,8.9,D
31.701,75.673,301.2,1,1,2020-02-09,0540,Terra,MODIS,45,6.0NRT,290.8,3.6,D
31.487,75.754,302.9,1,1,2020-02-09,0540,Terra,MODIS,54,6.0NRT,291.3,4.3,D
30.43,76.958,301.1,1,1,2020-02-09,0540,Terra,MODIS,44,6.0NRT,289.9,4,D
29.994,77.282,300.5,1,1,2020-02-09,0540,Terra,MODIS,38,6.0NRT,289.6,4,D
29.58,76.78,303.4,1,1,2020-02-09,0540,Terra,MODIS,56,6.0NRT,289.8,5.8,D
29.195,77.308,302.5,1,1,2020-02-09,0540,Terra,MODIS,52,6.0NRT,291.3,3.7,D
29.084,77.729,301.2,1,1,2020-02-09,0540,Terra,MODIS,45,6.0NRT,291.1,3.4,D
28.872,77.664,303.6,1,1,2020-02-09,0540,Terra,MODIS,56,6.0NRT,291.8,4.6,D
28.87,77.674,304.8,1,1,2020-02-09,0540,Terra,MODIS,60,6.0NRT,291.6,5.4,D
28.886,77.339,301.5,1,1,2020-02-09,0540,Terra,MODIS,48,6.0NRT,290.1,4.1,D
28.848,77.406,312.3,1,1,2020-02-09,0540,Terra,MODIS,72,6.0NRT,290.4,11.2,D
28.846,77.416,301.5,1,1,2020-02-09,0540,Terra,MODIS,47,6.0NRT,290.2,3.9,D
28.98,75.97,304.2,1,1,2020-02-09,0540,Terra,MODIS,56,6.0NRT,290,5.8,D
28.609,76.423,309.9,1,1,2020-02-09,0540,Terra,MODIS,68,6.0NRT,290.9,9.3,D
27.929,78.071,304.2,1.1,1,2020-02-09,0540,Terra,MODIS,53,6.0NRT,293.4,4.1,D
32.443,73.19,325.3,1.3,1.1,2020-02-09,0540,Terra,MODIS,84,6.0NRT,290.7,35.4,D
33.451,73.33,307.8,2.7,1.6,2020-02-09,0855,Aqua,MODIS,63,6.0NRT,292.8,27.8,D
31.633,72.797,306.7,1.9,1.3,2020-02-10,0620,Terra,MODIS,48,6.0NRT,288.2,17.5,N
31.709,72.929,300.5,1.9,1.4,2020-02-10,0620,Terra,MODIS,24,6.0NRT,281.6,14.4,D
29.476,78.012,311.9,1,1,2020-02-10,0755,Aqua,MODIS,72,6.0NRT,285.5,10.5,D
29.593,77.216,302.3,1.1,1,2020-02-10,0755,Aqua,MODIS,49,6.0NRT,291.2,4,D
29.708,77.837,309.7,1,1,2020-02-10,0755,Aqua,MODIS,69,6.0NRT,294.1,7.9,D
29.706,77.826,310.7,1,1,2020-02-10,0755,Aqua,MODIS,70,6.0NRT,293.8,8.7,D
27.924,78.07,312,1.1,1,2020-02-10,0755,Aqua,MODIS,70,6.0NRT,298.3,7.6,D
28.409,78.702,304.5,1,1,2020-02-10,0755,Aqua,MODIS,56,6.0NRT,294,3.7,D
29.08,78.686,305.5,1,1,2020-02-10,0755,Aqua,MODIS,54,6.0NRT,293.6,4.9,D
29.292,76.977,323.7,1.1,1.1,2020-02-10,0755,Aqua,MODIS,82,6.0NRT,289.5,24.9,D
29.29,76.966,325.2,1.1,1.1,2020-02-10,0755,Aqua,MODIS,83,6.0NRT,289.6,27.2,D
30.961,73.882,302.7,1.6,1.2,2020-02-10,0800,Aqua,MODIS,52,6.0NRT,290.1,7.6,D
32.184,72.592,301.1,1.8,1.3,2020-02-10,0800,Aqua,MODIS,36,6.0NRT,284,10.4,D
33.128,72.419,305.7,1.7,1.3,2020-02-10,0800,Aqua,MODIS,62,6.0NRT,292.9,10.4,D
33.445,73.347,308.4,1.5,1.2,2020-02-10,0800,Aqua,MODIS,67,6.0NRT,287.7,14.2,D
29.245,77.185,303,1.1,1.1,2020-02-11,0530,Terra,MODIS,54,6.0NRT,283.2,6.4,D
29.09,77.663,301.1,1.1,1,2020-02-11,0530,Terra,MODIS,41,6.0NRT,289.3,3,D
29.081,77.661,301,1.1,1,2020-02-11,0530,Terra,MODIS,44,6.0NRT,288.9,3.2,D
28.341,78.299,301.4,1,1,2020-02-11,0530,Terra,MODIS,41,6.0NRT,288.6,3.3,D
27.884,78.92,301.9,1,1,2020-02-11,0530,Terra,MODIS,43,6.0NRT,291.4,3.1,D
27.985,78.149,302.5,1,1,2020-02-11,0530,Terra,MODIS,39,6.0NRT,290.5,4,D
27.976,78.147,303.3,1,1,2020-02-11,0530,Terra,MODIS,52,6.0NRT,290.8,4.7,D
30.684,72.55,314.6,1.4,1.2,2020-02-11,0840,Aqua,MODIS,73,6.0NRT,293.2,16.2,D
29.638,74.322,309.5,1.7,1.3,2020-02-11,0840,Aqua,MODIS,61,6.0NRT,292.7,16.5,D
30.487,72.568,311.9,1.4,1.2,2020-02-11,0840,Aqua,MODIS,68,6.0NRT,292.7,12.5,D
30.485,72.554,306.8,1.4,1.2,2020-02-11,0840,Aqua,MODIS,34,6.0NRT,293,6.8,D
30.492,72.562,317.7,1.4,1.2,2020-02-11,0840,Aqua,MODIS,76,6.0NRT,293.7,19.3,D
32.464,73.142,322.4,1.6,1.2,2020-02-11,0840,Aqua,MODIS,82,6.0NRT,291,36.8,D
32.463,73.125,326.4,1.6,1.2,2020-02-11,0840,Aqua,MODIS,84,6.0NRT,291.3,45.4,D
32.465,73.135,330.8,1.6,1.2,2020-02-11,0840,Aqua,MODIS,87,6.0NRT,291.7,54.5,D
29.969,72.942,306.9,1.4,1.2,2020-02-12,0610,Terra,MODIS,64,6.0NRT,290.8,8.9,D
29.864,72.713,305.8,1.3,1.1,2020-02-12,0610,Terra,MODIS,62,6.0NRT,292.1,6.8,D
29.26,77.401,300.6,2.7,1.6,2020-02-12,0610,Terra,MODIS,39,6.0NRT,287.2,12.2,D
29.888,72.817,304.9,1.3,1.1,2020-02-12,0610,Terra,MODIS,60,6.0NRT,291.3,6.2,D
27.978,78.838,305.7,1.4,1.2,2020-02-12,0745,Aqua,MODIS,41,6.0NRT,294.2,6.9,D
27.98,78.852,304.9,1.4,1.2,2020-02-12,0745,Aqua,MODIS,51,6.0NRT,293.7,6.2,D
29.183,78.129,306,1.4,1.2,2020-02-12,0745,Aqua,MODIS,56,6.0NRT,292.6,8.5,D
28.829,78.99,304.8,1.3,1.1,2020-02-13,0515,Terra,MODIS,59,6.0NRT,293.1,6.6,D
28.853,77.741,306.8,1.5,1.2,2020-02-13,0515,Terra,MODIS,61,6.0NRT,294,9.1,D
28.401,78.277,312.5,1.9,1.4,2020-02-13,0825,Aqua,MODIS,0,6.0NRT,298.5,17.6,D
28.41,78.281,313.1,1.9,1.4,2020-02-13,0825,Aqua,MODIS,51,6.0NRT,298.7,19.5,D
29.868,72.814,312.8,1,1,2020-02-13,0830,Aqua,MODIS,68,6.0NRT,294.8,8,D
30.177,72.788,306.5,1,1,2020-02-13,0830,Aqua,MODIS,56,6.0NRT,294,4.3,D
30.679,72.487,305.9,1,1,2020-02-13,0830,Aqua,MODIS,48,6.0NRT,294.7,4.4,D
31.084,75.479,305.7,1.4,1.2,2020-02-13,0830,Aqua,MODIS,53,6.0NRT,293,8.1,D
31.261,73.511,306.9,1.1,1.1,2020-02-13,0830,Aqua,MODIS,56,6.0NRT,294.7,6.3,D
31.498,72.489,319.1,1,1,2020-02-13,0830,Aqua,MODIS,75,6.0NRT,294.6,15.2,D
31.535,72.704,307.4,1.1,1,2020-02-13,0830,Aqua,MODIS,51,6.0NRT,294.8,5.4,D
31.712,73.297,305,1.1,1,2020-02-13,0830,Aqua,MODIS,45,6.0NRT,294.6,4.4,D
31.737,72.7,306.4,1.1,1,2020-02-13,0830,Aqua,MODIS,45,6.0NRT,293.8,4.9,D
31.736,72.69,307.2,1.1,1,2020-02-13,0830,Aqua,MODIS,51,6.0NRT,294.3,5.5,D
31.717,72.547,307.5,1,1,2020-02-13,0830,Aqua,MODIS,51,6.0NRT,293.7,5.5,D
31.713,72.515,312.8,1,1,2020-02-13,0830,Aqua,MODIS,66,6.0NRT,294.2,9.3,D
31.712,72.504,321.1,1,1,2020-02-13,0830,Aqua,MODIS,77,6.0NRT,294.7,17.1,D
31.777,72.716,307.7,1.1,1,2020-02-13,0830,Aqua,MODIS,53,6.0NRT,295.3,5.1,D
31.788,72.658,309.7,1.1,1,2020-02-13,0830,Aqua,MODIS,60,6.0NRT,293.6,6.9,D
31.794,72.651,306.8,1.1,1,2020-02-13,0830,Aqua,MODIS,48,6.0NRT,293.8,5.4,D
32.098,73.146,305.1,1.1,1,2020-02-13,0830,Aqua,MODIS,43,6.0NRT,293.7,4.7,D
32.332,73.709,317.2,1.2,1.1,2020-02-13,0830,Aqua,MODIS,0,6.0NRT,290.3,16.8,D
32.307,72.696,305.4,1.1,1,2020-02-13,0830,Aqua,MODIS,42,6.0NRT,293.4,4.7,D
32.876,72.693,308.9,1.1,1,2020-02-13,0830,Aqua,MODIS,53,6.0NRT,294.9,6.4,D
33.08,72.362,320.3,1.1,1,2020-02-13,0830,Aqua,MODIS,77,6.0NRT,296.9,14,D
33.161,72.694,307.7,1.1,1,2020-02-13,0830,Aqua,MODIS,54,6.0NRT,295.2,4.2,D
33.136,72.299,308.7,1.1,1,2020-02-13,0830,Aqua,MODIS,28,6.0NRT,293.4,4.4,D
29.888,77.622,306.7,1.8,1.3,2020-02-13,0830,Aqua,MODIS,60,6.0NRT,293.9,10.9,D
30.02,77.862,304.3,1.9,1.3,2020-02-13,0830,Aqua,MODIS,55,6.0NRT,289.7,9.9,D
32.84,74.023,309.8,1,1,2020-02-14,0600,Terra,MODIS,68,6.0NRT,293.2,8,D
33.347,73.31,306,1,1,2020-02-14,0600,Terra,MODIS,61,6.0NRT,292.1,5.3,D
33.351,72.534,305.1,1,1,2020-02-14,0600,Terra,MODIS,42,6.0NRT,293.7,4.2,D
33.276,73.042,310.1,1,1,2020-02-14,0600,Terra,MODIS,66,6.0NRT,293,8.2,D
33.275,73.053,303.1,1,1,2020-02-14,0600,Terra,MODIS,39,6.0NRT,292.6,3.7,D
33.293,72.806,303,1,1,2020-02-14,0600,Terra,MODIS,33,6.0NRT,292.1,3.5,D
33.249,72.54,311.6,1,1,2020-02-14,0600,Terra,MODIS,67,6.0NRT,296.2,7.6,D
33.247,72.55,313.1,1,1,2020-02-14,0600,Terra,MODIS,70,6.0NRT,296.1,8.8,D
32.67,72.711,310.3,1,1,2020-02-14,0600,Terra,MODIS,67,6.0NRT,293,7.8,D
32.358,73.91,301.8,1,1,2020-02-14,0600,Terra,MODIS,43,6.0NRT,291.6,4.1,D
32.425,73.114,307.7,1,1,2020-02-14,0600,Terra,MODIS,64,6.0NRT,294.4,6.4,D
32.402,73.207,306.3,1,1,2020-02-14,0600,Terra,MODIS,61,6.0NRT,294.6,5.4,D
32.323,72.562,318.3,1,1,2020-02-14,0600,Terra,MODIS,77,6.0NRT,295.9,13.9,D
32.284,72.576,311.1,1,1,2020-02-14,0600,Terra,MODIS,68,6.0NRT,296.5,7.7,D
31.702,75.458,308,1.2,1.1,2020-02-14,0600,Terra,MODIS,66,6.0NRT,291.4,10,D
32.154,72.333,309.1,1,1,2020-02-14,0600,Terra,MODIS,62,6.0NRT,295.5,5.8,D
32,73.24,311.2,1,1,2020-02-14,0600,Terra,MODIS,69,6.0NRT,293.8,8.8,D
31.863,72.983,313.6,1,1,2020-02-14,0600,Terra,MODIS,71,6.0NRT,296,9.3,D
31.366,75.72,303.2,1.2,1.1,2020-02-14,0600,Terra,MODIS,55,6.0NRT,292.1,5.3,D
31.831,72.272,311,1,1,2020-02-14,0600,Terra,MODIS,65,6.0NRT,296.4,7.7,D
31.735,72.794,306,1,1,2020-02-14,0600,Terra,MODIS,51,6.0NRT,295.7,4.4,D
31.583,72.821,307.2,1,1,2020-02-14,0600,Terra,MODIS,56,6.0NRT,295.1,5.1,D
31.419,72.374,311.2,1,1,2020-02-14,0600,Terra,MODIS,66,6.0NRT,294.6,8,D
31.418,72.384,306.9,1,1,2020-02-14,0600,Terra,MODIS,55,6.0NRT,294.1,5.2,D
31.066,74.006,306.3,1.1,1,2020-02-14,0600,Terra,MODIS,62,6.0NRT,295.6,5.1,D
30.497,76.982,306.4,1.5,1.2,2020-02-14,0600,Terra,MODIS,63,6.0NRT,293.3,9.4,D
30.492,76.991,305.8,1.5,1.2,2020-02-14,0600,Terra,MODIS,62,6.0NRT,293.6,8.3,D
31.148,72.949,312,1,1,2020-02-14,0600,Terra,MODIS,68,6.0NRT,293.6,9.2,D
31.147,72.959,308.4,1,1,2020-02-14,0600,Terra,MODIS,61,6.0NRT,293.8,6.4,D
31.149,72.885,308.3,1,1,2020-02-14,0600,Terra,MODIS,61,6.0NRT,295,6.2,D
30.938,73.174,308.5,1,1,2020-02-14,0600,Terra,MODIS,64,6.0NRT,294.9,6.3,D
30.908,72.764,305.8,1,1,2020-02-14,0600,Terra,MODIS,54,6.0NRT,294.3,4.8,D
30.776,72.48,309.8,1,1,2020-02-14,0600,Terra,MODIS,62,6.0NRT,294.3,7.1,D
28.109,78.439,305.1,2.1,1.4,2020-02-14,0600,Terra,MODIS,52,6.0NRT,294.6,13.8,D
27.374,77.691,315.6,1,1,2020-02-14,1655,Terra,MODIS,92,6.0NRT,288,16.9,N
32.953,73.85,304.4,4.2,1.9,2020-02-15,0640,Terra,MODIS,51,6.0NRT,293.7,32.5,D
33.211,72.557,306.8,3.4,1.7,2020-02-15,0640,Terra,MODIS,64,6.0NRT,296.4,25.7,D
27.876,79.068,309.2,1.3,1.1,2020-02-15,0815,Aqua,MODIS,61,6.0NRT,298,8.8,D
28.495,78.974,306,1.3,1.2,2020-02-15,0815,Aqua,MODIS,53,6.0NRT,295.9,6.2,D
28.708,77.456,310.9,1.1,1.1,2020-02-15,0815,Aqua,MODIS,62,6.0NRT,299.7,6.2,D
28.982,76.542,309.7,1.1,1,2020-02-15,0815,Aqua,MODIS,38,6.0NRT,296.2,6.1,D
29.307,78.798,305.6,1.3,1.2,2020-02-15,0815,Aqua,MODIS,46,6.0NRT,295.2,5.8,D
29.408,78.01,310.4,1.2,1.1,2020-02-15,0815,Aqua,MODIS,30,6.0NRT,298.3,7.2,D
29.417,78.009,311.9,1.2,1.1,2020-02-15,0815,Aqua,MODIS,53,6.0NRT,298.5,8.8,D
29.416,77.996,310.3,1.2,1.1,2020-02-15,0815,Aqua,MODIS,52,6.0NRT,298.8,6.9,D
29.881,72.912,312.5,1.1,1,2020-02-15,0815,Aqua,MODIS,65,6.0NRT,298.6,8.3,D
29.917,72.742,319.5,1.1,1,2020-02-15,0815,Aqua,MODIS,76,6.0NRT,300.7,14.6,D
30.932,75.999,306.9,1.1,1,2020-02-15,0815,Aqua,MODIS,59,6.0NRT,296.2,6.2,D
30.804,72.968,311.3,1,1,2020-02-15,0815,Aqua,MODIS,61,6.0NRT,300.3,5.9,D
30.921,73.191,310.1,1,1,2020-02-15,0815,Aqua,MODIS,59,6.0NRT,299.2,5,D
31.629,75.634,306.2,1,1,2020-02-15,0815,Aqua,MODIS,54,6.0NRT,295.4,4.8,D
31.68,75.603,310.1,1,1,2020-02-15,0815,Aqua,MODIS,64,6.0NRT,295.6,8.2,D
31.799,75.535,322.9,1,1,2020-02-15,0815,Aqua,MODIS,81,6.0NRT,295.4,18.8,D
31.535,73.461,308.1,1,1,2020-02-15,0815,Aqua,MODIS,53,6.0NRT,296.4,4.6,D
31.882,75.458,314.5,1,1,2020-02-15,0815,Aqua,MODIS,73,6.0NRT,296.2,11.7,D
31.88,75.447,306.7,1,1,2020-02-15,0815,Aqua,MODIS,60,6.0NRT,295.3,5.7,D
31.876,75.415,305.2,1,1,2020-02-15,0815,Aqua,MODIS,55,6.0NRT,294.3,5,D
31.536,72.796,318.1,1,1,2020-02-15,0815,Aqua,MODIS,72,6.0NRT,298.5,12.3,D
31.499,72.501,321.1,1.1,1,2020-02-15,0815,Aqua,MODIS,75,6.0NRT,298.4,15.9,D
31.878,74.624,304.5,1,1,2020-02-15,0815,Aqua,MODIS,42,6.0NRT,293.9,3.8,D
31.877,74.614,343,1,1,2020-02-15,0815,Aqua,MODIS,70,6.0NRT,296.2,47.2,D
31.609,72.797,309.3,1,1,2020-02-15,0815,Aqua,MODIS,48,6.0NRT,298.7,4,D
32.022,75.199,307.1,1,1,2020-02-15,0815,Aqua,MODIS,61,6.0NRT,293.6,6.5,D
31.712,72.802,308.4,1,1,2020-02-15,0815,Aqua,MODIS,22,6.0NRT,298.2,3.4,D
32.104,74.131,308.6,1,1,2020-02-15,0815,Aqua,MODIS,52,6.0NRT,297.5,5.3,D
32.189,72.301,329.1,1.1,1,2020-02-15,0815,Aqua,MODIS,72,6.0NRT,303.7,20.8,D
32.291,72.488,318.4,1,1,2020-02-15,0815,Aqua,MODIS,71,6.0NRT,302,11.3,D
32.353,72.587,312.5,1,1,2020-02-15,0815,Aqua,MODIS,59,6.0NRT,301.2,6.3,D
32.423,72.922,309.7,1,1,2020-02-15,0815,Aqua,MODIS,48,6.0NRT,299.6,4.5,D
32.67,72.901,320.5,1,1,2020-02-15,0815,Aqua,MODIS,74,6.0NRT,303.8,12.7,D
32.755,72.491,316.1,1,1,2020-02-15,0815,Aqua,MODIS,67,6.0NRT,300.6,8.9,D
32.825,72.767,312.3,1,1,2020-02-15,0815,Aqua,MODIS,60,6.0NRT,298.8,7,D
32.823,72.756,315.8,1,1,2020-02-15,0815,Aqua,MODIS,68,6.0NRT,299.8,9.6,D
32.982,73.572,309.8,1,1,2020-02-15,0815,Aqua,MODIS,55,6.0NRT,297.7,4.4,D
33.126,72.62,311.5,1,1,2020-02-15,0815,Aqua,MODIS,56,6.0NRT,300.7,5,D
33.206,72.541,315.2,1,1,2020-02-15,0815,Aqua,MODIS,66,6.0NRT,303.3,7.5,D
33.438,73.347,313.9,1,1,2020-02-15,0815,Aqua,MODIS,68,6.0NRT,298.2,9,D
33.437,73.336,313.1,1,1,2020-02-15,0815,Aqua,MODIS,66,6.0NRT,299.6,8.5,D
30.501,77.785,311.8,1.1,1.1,2020-02-16,0545,Terra,MODIS,72,6.0NRT,293.9,11.5,D
33.119,72.559,326.5,1.2,1.1,2020-02-16,0545,Terra,MODIS,82,6.0NRT,297.4,27.5,D
33.117,72.572,313.1,1.2,1.1,2020-02-16,0545,Terra,MODIS,67,6.0NRT,295.8,10.2,D
33.109,72.557,308.8,1.2,1.1,2020-02-16,0545,Terra,MODIS,50,6.0NRT,296.2,6.3,D
32.736,72.693,310,1.2,1.1,2020-02-16,0545,Terra,MODIS,62,6.0NRT,296.9,7.7,D
32.545,73.404,320.1,1.1,1,2020-02-16,0545,Terra,MODIS,78,6.0NRT,295.8,18.1,D
32.191,73.447,319.3,1.1,1,2020-02-16,0545,Terra,MODIS,78,6.0NRT,295.4,16.8,D
32.189,73.459,306.9,1.1,1,2020-02-16,0545,Terra,MODIS,55,6.0NRT,294,5.7,D
31.872,75.35,309.5,1,1,2020-02-16,0545,Terra,MODIS,69,6.0NRT,292.4,8.4,D
32.259,72.361,310.9,1.2,1.1,2020-02-16,0545,Terra,MODIS,55,6.0NRT,296.5,8.6,D
31.808,75.534,306.9,1,1,2020-02-16,0545,Terra,MODIS,64,6.0NRT,292.8,6,D
32.13,72.327,325.3,1.2,1.1,2020-02-16,0545,Terra,MODIS,81,6.0NRT,299.2,25.1,D
32.115,72.364,307.2,1.2,1.1,2020-02-16,0545,Terra,MODIS,46,6.0NRT,296.7,4.9,D
31.913,73.167,316.3,1.1,1.1,2020-02-16,0545,Terra,MODIS,74,6.0NRT,298.4,11.7,D
31.504,75.712,304,1,1,2020-02-16,0545,Terra,MODIS,58,6.0NRT,293.1,3.9,D
31.838,72.883,309.8,1.1,1.1,2020-02-16,0545,Terra,MODIS,61,6.0NRT,296.8,6.7,D
31.591,72.737,328.1,1.1,1.1,2020-02-16,0545,Terra,MODIS,83,6.0NRT,297.6,27.3,D
31.59,72.749,309.1,1.1,1.1,2020-02-16,0545,Terra,MODIS,58,6.0NRT,297.4,5.6,D
31.423,72.373,315.1,1.2,1.1,2020-02-16,0545,Terra,MODIS,70,6.0NRT,295.5,12.7,D
31.422,72.386,308.1,1.2,1.1,2020-02-16,0545,Terra,MODIS,37,6.0NRT,295.4,6,D
31.42,72.379,317.6,1.2,1.1,2020-02-16,0545,Terra,MODIS,74,6.0NRT,295.6,16.2,D
29.98,77.007,305,1.1,1,2020-02-16,0545,Terra,MODIS,60,6.0NRT,293.5,4.9,D
29.962,77.061,303.3,1.1,1,2020-02-16,0545,Terra,MODIS,55,6.0NRT,292.9,3.7,D
29.606,77.303,309.3,1.1,1.1,2020-02-16,0545,Terra,MODIS,68,6.0NRT,293.4,8.6,D
29.604,77.314,305.9,1.1,1.1,2020-02-16,0545,Terra,MODIS,62,6.0NRT,292.8,6.2,D
29.602,77.325,303.7,1.1,1.1,2020-02-16,0545,Terra,MODIS,52,6.0NRT,292.6,4.3,D
29.544,77.295,304.9,1.1,1.1,2020-02-16,0545,Terra,MODIS,59,6.0NRT,293.7,5,D
29.124,77.885,306.3,1.2,1.1,2020-02-16,0545,Terra,MODIS,60,6.0NRT,294.3,6.3,D
29.809,72.818,309.9,1.1,1,2020-02-16,0545,Terra,MODIS,64,6.0NRT,296.1,7,D
29.101,77.546,309.9,1.2,1.1,2020-02-16,0545,Terra,MODIS,67,6.0NRT,294.8,8.2,D
29.099,77.539,309.2,1.2,1.1,2020-02-16,0545,Terra,MODIS,66,6.0NRT,294.7,7.9,D
29.165,76.668,312.5,1.1,1,2020-02-16,0545,Terra,MODIS,71,6.0NRT,294.2,11.3,D
28.893,78.09,306.8,1.2,1.1,2020-02-16,0545,Terra,MODIS,43,6.0NRT,293.5,7.8,D
29.031,76.235,321.3,1,1,2020-02-16,0545,Terra,MODIS,78,6.0NRT,294.3,18.9,D
28.888,76.441,306.9,1.1,1,2020-02-16,0545,Terra,MODIS,49,6.0NRT,296.4,5.1,D
28.886,76.452,307.8,1.1,1,2020-02-16,0545,Terra,MODIS,53,6.0NRT,295.6,5.9,D
28.34,77.957,305.1,1.2,1.1,2020-02-16,0545,Terra,MODIS,54,6.0NRT,294.3,6.2,D
32.249,72.516,311.2,2.2,1.5,2020-02-17,0630,Terra,MODIS,67,6.0NRT,297,22.1,D
32.251,72.51,307.2,2.2,1.5,2020-02-17,0630,Terra,MODIS,34,6.0NRT,297,11.5,D
31.675,72.511,308.4,2.3,1.5,2020-02-17,0630,Terra,MODIS,57,6.0NRT,296.9,19.3,D
32.246,72.534,310.7,2.3,1.5,2020-02-17,0630,Terra,MODIS,65,6.0NRT,297.2,20,D
28.79,76.437,315.2,1.1,1,2020-02-17,0805,Aqua,MODIS,64,6.0NRT,298.5,10.3,D
28.8,76.384,313.7,1.1,1,2020-02-17,0805,Aqua,MODIS,59,6.0NRT,299.8,8.2,D
29.496,78.682,312.1,1,1,2020-02-17,0805,Aqua,MODIS,66,6.0NRT,298.3,7.4,D
30.082,77.797,308.2,1,1,2020-02-17,0805,Aqua,MODIS,62,6.0NRT,296.3,4.9,D
30.08,77.787,310.7,1,1,2020-02-17,0805,Aqua,MODIS,67,6.0NRT,296.5,6.9,D
30.45,76.966,312.9,1,1,2020-02-17,0805,Aqua,MODIS,71,6.0NRT,296.5,8.8,D
30.555,76.258,305.7,1,1,2020-02-17,0805,Aqua,MODIS,56,6.0NRT,294.8,5.5,D
31.031,74.498,310.2,1.2,1.1,2020-02-17,0805,Aqua,MODIS,63,6.0NRT,298,6.4,D
31.506,75.654,307.6,1.1,1,2020-02-17,0805,Aqua,MODIS,59,6.0NRT,297.6,4.9,D
31.234,73.4,308.6,1.3,1.1,2020-02-17,0805,Aqua,MODIS,54,6.0NRT,298.5,7.5,D
31.498,72.461,310.7,1.5,1.2,2020-02-17,0805,Aqua,MODIS,56,6.0NRT,299.9,9.5,D
31.796,72.717,313.8,1.4,1.2,2020-02-17,0805,Aqua,MODIS,58,6.0NRT,299.5,11,D
31.79,72.713,311.6,1.4,1.2,2020-02-17,0805,Aqua,MODIS,42,6.0NRT,300.8,8.2,D
31.891,72.854,309.7,1.4,1.2,2020-02-17,0805,Aqua,MODIS,52,6.0NRT,298.2,9.2,D
32.784,72.548,314.9,1.4,1.2,2020-02-17,0805,Aqua,MODIS,65,6.0NRT,301.7,11.8,D
32.823,72.643,312.2,1.4,1.2,2020-02-17,0805,Aqua,MODIS,59,6.0NRT,299.7,9.2,D
32.817,72.554,314.4,1.4,1.2,2020-02-17,0805,Aqua,MODIS,65,6.0NRT,299.1,11.3,D
32.853,72.514,318.2,1.4,1.2,2020-02-17,0805,Aqua,MODIS,71,6.0NRT,300.6,16.8,D
32.851,72.499,322.8,1.4,1.2,2020-02-17,0805,Aqua,MODIS,77,6.0NRT,300.5,24,D
33.072,72.699,318.3,1.3,1.1,2020-02-17,0805,Aqua,MODIS,72,6.0NRT,301.8,16,D
33.103,72.416,315.6,1.4,1.2,2020-02-17,0805,Aqua,MODIS,68,6.0NRT,301.5,12.3,D
33.129,72.378,318.1,1.4,1.2,2020-02-17,0805,Aqua,MODIS,72,6.0NRT,300.9,15.5,D
33.124,72.373,312.7,1.4,1.2,2020-02-17,0805,Aqua,MODIS,25,6.0NRT,300.9,7.4,D
33.202,72.505,330.9,1.4,1.2,2020-02-17,0805,Aqua,MODIS,85,6.0NRT,303.5,37.6,D
33.506,74.031,307.8,1.1,1.1,2020-02-17,0805,Aqua,MODIS,61,6.0NRT,296.9,6.6,D
33.328,72.982,310.6,1.3,1.1,2020-02-17,0805,Aqua,MODIS,57,6.0NRT,299.5,7.7,D
33.314,72.9,308.3,1.3,1.1,2020-02-17,0805,Aqua,MODIS,46,6.0NRT,297.2,5.8,D
33.327,72.978,312.7,1.3,1.1,2020-02-17,0805,Aqua,MODIS,64,6.0NRT,299.5,10.2,D
33.264,72.573,312.3,1.4,1.2,2020-02-17,0805,Aqua,MODIS,62,6.0NRT,301.7,7.8,D
28.715,78.157,326.2,1,1,2020-02-17,0805,Aqua,MODIS,82,6.0NRT,299.1,19.9,D
29.112,79.031,316.7,1,1,2020-02-17,0805,Aqua,MODIS,73,6.0NRT,298.4,10.4,D
29.121,79.029,318.9,1,1,2020-02-17,0805,Aqua,MODIS,76,6.0NRT,299,12.6,D
29.945,77.684,303.3,1,1,2020-02-18,0535,Terra,MODIS,55,6.0NRT,292.6,3.9,D
33.023,73.67,310.7,1.6,1.2,2020-02-18,0535,Terra,MODIS,66,6.0NRT,295.9,14,D
33.021,73.679,310.9,1.6,1.2,2020-02-18,0535,Terra,MODIS,53,6.0NRT,296.2,13,D
32.778,73.393,316.5,1.6,1.2,2020-02-18,0535,Terra,MODIS,73,6.0NRT,297.7,19.9,D
32.776,73.41,327.1,1.6,1.2,2020-02-18,0535,Terra,MODIS,83,6.0NRT,297.4,41.3,D
32.777,73.405,329.7,1.6,1.2,2020-02-18,0535,Terra,MODIS,85,6.0NRT,298.5,47.3,D
32.074,73.79,304.3,1.5,1.2,2020-02-18,0535,Terra,MODIS,53,6.0NRT,293.4,7.7,D
31.647,72.875,308.1,1.7,1.3,2020-02-18,0535,Terra,MODIS,58,6.0NRT,296,10.6,D
31.648,72.886,309.9,1.7,1.3,2020-02-18,0535,Terra,MODIS,63,6.0NRT,295.6,12.2,D
30.327,77.398,309.1,1,1,2020-02-18,0535,Terra,MODIS,68,6.0NRT,292.5,8.1,D
29.81,77.726,305.3,1,1,2020-02-18,0535,Terra,MODIS,61,6.0NRT,293.3,4.8,D
29.808,77.737,303.4,1,1,2020-02-18,0535,Terra,MODIS,56,6.0NRT,292.9,3.6,D
29.775,77.132,304.1,1,1,2020-02-18,0535,Terra,MODIS,50,6.0NRT,294,4.5,D
29.68,77.152,305.5,1,1,2020-02-18,0535,Terra,MODIS,61,6.0NRT,293.2,5.8,D
29.374,77.362,306.1,1,1,2020-02-18,0535,Terra,MODIS,60,6.0NRT,294.5,4.6,D
29.262,77.754,308.3,1,1,2020-02-18,0535,Terra,MODIS,64,6.0NRT,295.2,5.4,D
29.282,77.298,306.5,1,1,2020-02-18,0535,Terra,MODIS,61,6.0NRT,295,4.6,D
29.162,77.358,305,1,1,2020-02-18,0535,Terra,MODIS,56,6.0NRT,294.9,3.5,D
28.927,77.334,305.4,1,1,2020-02-18,0535,Terra,MODIS,56,6.0NRT,294,4.3,D
28.872,76.679,315.8,1,1,2020-02-18,0535,Terra,MODIS,69,6.0NRT,298.2,10.5,D
28.538,78.761,305.6,1,1,2020-02-18,0535,Terra,MODIS,56,6.0NRT,294.6,4.4,D
28.565,78.224,312.2,1,1,2020-02-18,0535,Terra,MODIS,65,6.0NRT,295.4,8.4,D
28.448,77.957,314.3,1,1,2020-02-18,0535,Terra,MODIS,72,6.0NRT,293.6,11,D
28.447,77.968,310.3,1,1,2020-02-18,0535,Terra,MODIS,66,6.0NRT,293.7,8,D
27.831,78.312,326.9,1,1,2020-02-18,0535,Terra,MODIS,84,6.0NRT,293.5,24.2,D
31.552,72.658,314,1.5,1.2,2020-02-19,0615,Terra,MODIS,71,6.0NRT,293.9,17.9,D
31.542,72.632,308.5,1.5,1.2,2020-02-19,0615,Terra,MODIS,26,6.0NRT,293.8,9.5,D
31.31,72.402,306.3,1.5,1.2,2020-02-19,0615,Terra,MODIS,56,6.0NRT,294.2,7.8,D
31.304,72.41,305.8,1.5,1.2,2020-02-19,0615,Terra,MODIS,55,6.0NRT,294,7.2,D
31.779,72.859,305.3,1.5,1.2,2020-02-19,0615,Terra,MODIS,48,6.0NRT,294.1,7.3,D
32.327,72.554,307.5,1.4,1.2,2020-02-19,0615,Terra,MODIS,65,6.0NRT,293.6,9.7,D
31.745,72.801,320.2,1.5,1.2,2020-02-19,0615,Terra,MODIS,78,6.0NRT,294.4,28,D
31.742,72.817,306.4,1.5,1.2,2020-02-19,0615,Terra,MODIS,29,6.0NRT,293.7,7.6,D
31.752,72.705,304.4,1.5,1.2,2020-02-19,0615,Terra,MODIS,43,6.0NRT,293,6.5,D
31.737,72.782,312,1.5,1.2,2020-02-19,0615,Terra,MODIS,55,6.0NRT,294.5,14.3,D
31.611,72.777,308.2,1.5,1.2,2020-02-19,0615,Terra,MODIS,60,6.0NRT,294.8,9.6,D
31.547,72.624,306.2,1.5,1.2,2020-02-19,0615,Terra,MODIS,32,6.0NRT,294,7,D
29.077,78.044,301.3,1.2,1.1,2020-02-19,0750,Aqua,MODIS,40,6.0NRT,280.4,6.3,D
29.312,78.729,310.5,1.1,1,2020-02-19,0750,Aqua,MODIS,70,6.0NRT,297.1,7.2,D
29.115,77.908,307.8,1.2,1.1,2020-02-20,0520,Terra,MODIS,63,6.0NRT,293.6,6.9,D
31.038,74.486,305.8,2.1,1.4,2020-02-20,0520,Terra,MODIS,55,6.0NRT,286.7,16.7,D
30.207,77.204,305.1,1.3,1.1,2020-02-20,0520,Terra,MODIS,60,6.0NRT,293.1,7.4,D
29.727,77.819,307.1,1.2,1.1,2020-02-20,0520,Terra,MODIS,63,6.0NRT,294.5,6.4,D
29.55,77.433,307.4,1.3,1.1,2020-02-20,0520,Terra,MODIS,63,6.0NRT,292.8,8,D
29.11,79.004,303.9,1.1,1,2020-02-20,0520,Terra,MODIS,31,6.0NRT,293.1,3.6,D
29.073,77.342,303.4,1.3,1.1,2020-02-20,0520,Terra,MODIS,49,6.0NRT,291.3,4.4,D
31.013,72.911,311.6,1.2,1.1,2020-02-20,0835,Aqua,MODIS,68,6.0NRT,291.9,11,D
31.093,72.814,309.8,1.2,1.1,2020-02-20,0835,Aqua,MODIS,65,6.0NRT,292.4,7.9,D
31.324,72.785,307.4,1.2,1.1,2020-02-20,0835,Aqua,MODIS,56,6.0NRT,291.2,7.4,D
31.322,72.772,304.6,1.2,1.1,2020-02-20,0835,Aqua,MODIS,38,6.0NRT,291.3,5.1,D
31.685,72.573,306,1.2,1.1,2020-02-20,0835,Aqua,MODIS,47,6.0NRT,291.9,5.3,D
30.027,77.849,307.8,2.4,1.5,2020-02-20,0835,Aqua,MODIS,64,6.0NRT,296.1,17.3,D
31.095,72.827,310.2,1.2,1.1,2020-02-20,0835,Aqua,MODIS,66,6.0NRT,292.5,8.4,D
31.398,72.356,317.2,1.1,1,2020-02-21,0605,Terra,MODIS,74,6.0NRT,293.5,13.6,D
32.397,72.595,307.7,1.1,1,2020-02-21,0605,Terra,MODIS,59,6.0NRT,295.3,5.1,D
32.341,72.6,310.2,1.1,1,2020-02-21,0605,Terra,MODIS,56,6.0NRT,295,7.3,D
32.07,73.171,308.6,1.1,1,2020-02-21,0605,Terra,MODIS,63,6.0NRT,292.8,7.3,D
32.068,73.183,307.1,1.1,1,2020-02-21,0605,Terra,MODIS,59,6.0NRT,292.8,6.2,D
32.122,72.46,314.3,1,1,2020-02-21,0605,Terra,MODIS,70,6.0NRT,294.7,10.8,D
32.013,73.129,320.4,1.1,1,2020-02-21,0605,Terra,MODIS,78,6.0NRT,293.5,18.3,D
31.88,72.355,322.4,1,1,2020-02-21,0605,Terra,MODIS,79,6.0NRT,294.9,18.9,D
31.784,72.836,308.9,1.1,1,2020-02-21,0605,Terra,MODIS,60,6.0NRT,293.4,6.8,D
31.758,72.819,319,1.1,1,2020-02-21,0605,Terra,MODIS,76,6.0NRT,294.1,16,D
31.506,73.991,308.3,1.2,1.1,2020-02-21,0605,Terra,MODIS,64,6.0NRT,291.6,9.2,D
31.643,72.951,307.6,1.1,1,2020-02-21,0605,Terra,MODIS,33,6.0NRT,293.3,5,D
31.641,72.962,313.9,1.1,1,2020-02-21,0605,Terra,MODIS,68,6.0NRT,293.9,10.1,D
31.601,73.202,323.2,1.1,1.1,2020-02-21,0605,Terra,MODIS,80,6.0NRT,293.8,21.2,D
31.636,72.954,317.3,1.1,1,2020-02-21,0605,Terra,MODIS,74,6.0NRT,293.8,14.2,D
31.643,72.793,313.8,1.1,1,2020-02-21,0605,Terra,MODIS,69,6.0NRT,294.9,9.9,D
31.601,72.935,307.8,1.1,1,2020-02-21,0605,Terra,MODIS,56,6.0NRT,292.6,6.3,D
31.614,72.74,307.1,1.1,1,2020-02-21,0605,Terra,MODIS,52,6.0NRT,294.3,4.6,D
31.504,72.452,305.9,1.1,1,2020-02-21,0605,Terra,MODIS,47,6.0NRT,293.1,4.6,D
31.466,72.569,305.3,1.1,1,2020-02-21,0605,Terra,MODIS,44,6.0NRT,292.8,4.6,D
31.444,72.587,304.6,1.1,1,2020-02-21,0605,Terra,MODIS,29,6.0NRT,291.9,4.1,D
31.4,72.345,320,1.1,1,2020-02-21,0605,Terra,MODIS,77,6.0NRT,293.4,16.2,D
30.853,73.764,309.7,1.2,1.1,2020-02-21,0605,Terra,MODIS,58,6.0NRT,294.7,7.8,D
30.564,72.657,302.5,1.1,1,2020-02-21,0605,Terra,MODIS,38,6.0NRT,291.2,3.6,D
29.649,73.093,307.2,1.2,1.1,2020-02-21,0605,Terra,MODIS,22,6.0NRT,294.6,7.2,D
31.311,75.342,307,2.4,1.5,2020-02-21,0740,Aqua,MODIS,61,6.0NRT,289.9,19.5,D
31.305,75.339,308.2,2.4,1.5,2020-02-21,0740,Aqua,MODIS,58,6.0NRT,289.8,22.1,D
27.513,76.672,314.2,1,1,2020-02-21,1705,Terra,MODIS,89,6.0NRT,284.1,15.6,N
27.186,77.447,305.5,1.9,1.3,2020-02-22,0510,Terra,MODIS,48,6.0NRT,291.1,12.1,D
31.324,73.527,308.3,1,1,2020-02-22,0820,Aqua,MODIS,54,6.0NRT,296,4.6,D
30.877,72.71,309.6,1,1,2020-02-22,0820,Aqua,MODIS,50,6.0NRT,297.1,4.5,D
31.143,72.959,308.6,1,1,2020-02-22,0820,Aqua,MODIS,45,6.0NRT,294.7,3.7,D
31.142,72.949,322.6,1,1,2020-02-22,0820,Aqua,MODIS,77,6.0NRT,296.4,15.8,D
31.323,73.517,308.8,1,1,2020-02-22,0820,Aqua,MODIS,55,6.0NRT,295.5,4.9,D
31.569,75.348,311.6,1.1,1.1,2020-02-22,0820,Aqua,MODIS,0,6.0NRT,297.3,9.2,D
31.489,72.482,308.8,1,1,2020-02-22,0820,Aqua,MODIS,50,6.0NRT,295.3,4.4,D
31.487,72.472,321.2,1,1,2020-02-22,0820,Aqua,MODIS,76,6.0NRT,294,14.7,D
31.847,73.186,313.9,1,1,2020-02-22,0820,Aqua,MODIS,67,6.0NRT,295.7,9.4,D
31.846,73.175,307.9,1,1,2020-02-22,0820,Aqua,MODIS,48,6.0NRT,295.1,4.7,D
31.857,72.351,308.9,1,1,2020-02-22,0820,Aqua,MODIS,41,6.0NRT,295.1,4.3,D
31.986,73.19,317.2,1,1,2020-02-22,0820,Aqua,MODIS,47,6.0NRT,298,9.1,D
32.097,72.348,312.1,1,1,2020-02-22,0820,Aqua,MODIS,57,6.0NRT,298.7,5.3,D
32.096,72.338,314.2,1,1,2020-02-22,0820,Aqua,MODIS,63,6.0NRT,299.1,6.9,D
32.169,72.403,315.7,1,1,2020-02-22,0825,Aqua,MODIS,68,6.0NRT,298.3,8.8,D
32.168,72.393,323.2,1,1,2020-02-22,0825,Aqua,MODIS,78,6.0NRT,298.9,15.7,D
32.37,73.579,306.8,1,1,2020-02-22,0825,Aqua,MODIS,49,6.0NRT,295,4.8,D
32.369,73.568,311.2,1,1,2020-02-22,0825,Aqua,MODIS,64,6.0NRT,295.3,7.9,D
33.117,72.714,316.1,1,1,2020-02-22,0825,Aqua,MODIS,71,6.0NRT,299.3,7.9,D
33.116,73.717,308,1,1,2020-02-23,0550,Terra,MODIS,62,6.0NRT,294.4,5.2,D
32.794,72.659,312,1,1,2020-02-23,0550,Terra,MODIS,64,6.0NRT,298.6,6.9,D
32.784,72.658,314,1,1,2020-02-23,0550,Terra,MODIS,68,6.0NRT,296.1,8.6,D
32.446,72.911,309.8,1,1,2020-02-23,0550,Terra,MODIS,63,6.0NRT,296.6,5.7,D
32.375,72.891,308.7,1,1,2020-02-23,0550,Terra,MODIS,60,6.0NRT,296.4,5.3,D
32.345,73.04,313.8,1,1,2020-02-23,0550,Terra,MODIS,70,6.0NRT,295.7,9.6,D
32.208,73.488,307.1,1,1,2020-02-23,0550,Terra,MODIS,58,6.0NRT,294.5,5.1,D
32.252,72.851,309.2,1,1,2020-02-23,0550,Terra,MODIS,61,6.0NRT,296.9,5.7,D
31.936,74.764,308.2,1,1,2020-02-23,0550,Terra,MODIS,0,6.0NRT,293.1,7.3,D
32.266,72.411,307,1.1,1,2020-02-23,0550,Terra,MODIS,46,6.0NRT,296.3,4.2,D
31.697,75.697,311.2,1.1,1,2020-02-23,0550,Terra,MODIS,71,6.0NRT,294.2,8.4,D
31.664,75.667,307.9,1.1,1,2020-02-23,0550,Terra,MODIS,66,6.0NRT,294.9,5.7,D
32.134,72.358,308.8,1.1,1,2020-02-23,0550,Terra,MODIS,52,6.0NRT,297.5,4.3,D
32.079,72.432,308.1,1,1,2020-02-23,0550,Terra,MODIS,51,6.0NRT,295.5,5.5,D
31.545,75.606,304.9,1.1,1,2020-02-23,0550,Terra,MODIS,26,6.0NRT,289,6.7,D
31.913,72.972,312.2,1,1,2020-02-23,0550,Terra,MODIS,66,6.0NRT,295.7,8,D
31.244,76.143,306.7,1.1,1.1,2020-02-23,0550,Terra,MODIS,64,6.0NRT,293.6,5.8,D
31.305,75.713,303.8,1.1,1,2020-02-23,0550,Terra,MODIS,56,6.0NRT,292.4,4.1,D
31.705,72.745,317.7,1,1,2020-02-23,0550,Terra,MODIS,73,6.0NRT,296.7,11.8,D
31.173,76.073,307.7,1.1,1.1,2020-02-23,0550,Terra,MODIS,66,6.0NRT,292.7,6.8,D
31.495,73.322,308.1,1,1,2020-02-23,0550,Terra,MODIS,56,6.0NRT,296.5,4.5,D
31.519,72.494,309.7,1,1,2020-02-23,0550,Terra,MODIS,57,6.0NRT,295.4,6,D
31.4,72.488,308.3,1,1,2020-02-23,0550,Terra,MODIS,45,6.0NRT,295.4,5.4,D
31.389,72.497,308.3,1,1,2020-02-23,0550,Terra,MODIS,53,6.0NRT,295,5.8,D
31.356,72.407,318.4,1,1,2020-02-23,0550,Terra,MODIS,74,6.0NRT,295.2,14.2,D
31.355,72.418,314.6,1,1,2020-02-23,0550,Terra,MODIS,69,6.0NRT,294.8,10.8,D
31.165,72.393,309.8,1,1,2020-02-23,0550,Terra,MODIS,59,6.0NRT,295.9,6,D
31.163,72.404,308.3,1,1,2020-02-23,0550,Terra,MODIS,50,6.0NRT,296.3,4.8,D
31.126,72.474,309.5,1,1,2020-02-23,0550,Terra,MODIS,58,6.0NRT,294.8,6,D
30.741,72.532,309.8,1,1,2020-02-23,0550,Terra,MODIS,60,6.0NRT,295.7,6.3,D
30.739,72.543,310.6,1,1,2020-02-23,0550,Terra,MODIS,62,6.0NRT,295.8,6.7,D
29.126,75.777,308.1,1.1,1.1,2020-02-23,0555,Terra,MODIS,58,6.0NRT,294.6,6.7,D
28.944,75.869,306.7,1.2,1.1,2020-02-23,0555,Terra,MODIS,53,6.0NRT,292.2,6.5,D
28.845,75.645,310.1,1.1,1.1,2020-02-23,0555,Terra,MODIS,55,6.0NRT,292.9,9.1,D
31.386,73.459,306.4,3.4,1.7,2020-02-24,0635,Terra,MODIS,47,6.0NRT,291.8,27.8,D
28.123,78.051,309.1,1,1,2020-02-24,0810,Aqua,MODIS,55,6.0NRT,294.8,6.3,D
28.789,77.796,315.2,1,1,2020-02-24,0810,Aqua,MODIS,70,6.0NRT,296.2,10,D
28.787,77.785,307.8,1,1,2020-02-24,0810,Aqua,MODIS,51,6.0NRT,295.4,3.9,D
28.784,77.689,312.8,1,1,2020-02-24,0810,Aqua,MODIS,66,6.0NRT,294.8,7.8,D
29.36,76.279,305.8,1,1,2020-02-24,0810,Aqua,MODIS,44,6.0NRT,295.3,4.4,D
29.906,72.834,311.7,1.2,1.1,2020-02-24,0810,Aqua,MODIS,60,6.0NRT,296.6,6.7,D
30.461,76.311,331.5,1,1,2020-02-24,0810,Aqua,MODIS,87,6.0NRT,296.3,28.8,D
30.426,75.874,308.3,1,1,2020-02-24,0810,Aqua,MODIS,62,6.0NRT,295.2,5.9,D
30.896,73.801,313.7,1.1,1,2020-02-24,0810,Aqua,MODIS,69,6.0NRT,297.5,8.4,D
31.405,72.688,311.3,1.2,1.1,2020-02-24,0810,Aqua,MODIS,54,6.0NRT,292.2,7.8,D
31.887,75.393,306.2,1,1,2020-02-24,0810,Aqua,MODIS,57,6.0NRT,295.2,4.5,D
31.55,72.876,312,1.2,1.1,2020-02-24,0810,Aqua,MODIS,63,6.0NRT,296.1,8.5,D
31.963,75.221,308.2,1,1,2020-02-24,0810,Aqua,MODIS,63,6.0NRT,295.3,6.1,D
31.61,72.919,309.9,1.2,1.1,2020-02-24,0810,Aqua,MODIS,57,6.0NRT,296.6,6.3,D
31.776,72.806,322.2,1.2,1.1,2020-02-24,0810,Aqua,MODIS,77,6.0NRT,297.1,18.5,D
32.118,73.127,311.5,1.1,1.1,2020-02-24,0810,Aqua,MODIS,60,6.0NRT,296.2,8.8,D
32.221,72.336,309.8,1.2,1.1,2020-02-24,0810,Aqua,MODIS,0,6.0NRT,295.8,5,D
32.219,72.324,314.2,1.2,1.1,2020-02-24,0810,Aqua,MODIS,0,6.0NRT,297.2,8.3,D
32.321,72.679,309.2,1.2,1.1,2020-02-24,0810,Aqua,MODIS,51,6.0NRT,296.9,6.1,D
32.776,74.244,306.5,1,1,2020-02-24,0810,Aqua,MODIS,50,6.0NRT,294.6,4.8,D
32.965,72.791,309.1,1.4,1.2,2020-02-25,0540,Terra,MODIS,57,6.0NRT,296.1,7.3,D
32.249,72.855,306.8,1.4,1.2,2020-02-25,0540,Terra,MODIS,52,6.0NRT,295.6,6.3,D
32.038,73.184,309.1,1.3,1.1,2020-02-25,0540,Terra,MODIS,53,6.0NRT,294.5,7.6,D
32.103,72.334,309.9,1.5,1.2,2020-02-25,0540,Terra,MODIS,60,6.0NRT,295,10.1,D
31.549,75.846,308.1,1,1,2020-02-25,0540,Terra,MODIS,66,6.0NRT,295.3,5.3,D
31.796,72.726,310.5,1.4,1.2,2020-02-25,0540,Terra,MODIS,62,6.0NRT,293.4,10.7,D
31.246,75.711,314.3,1,1,2020-02-25,0540,Terra,MODIS,73,6.0NRT,294.4,11.1,D
30.893,76.252,302.9,1,1,2020-02-25,0540,Terra,MODIS,50,6.0NRT,292.2,3.1,D
31.093,72.758,311.8,1.3,1.1,2020-02-25,0540,Terra,MODIS,65,6.0NRT,295,11.2,D
30.098,76.832,304,1,1,2020-02-25,0540,Terra,MODIS,56,6.0NRT,293.2,3.7,D
29.201,79.091,304.1,1.2,1.1,2020-02-25,0540,Terra,MODIS,56,6.0NRT,291.5,4.7,D
29.87,72.783,309.5,1.3,1.1,2020-02-25,0540,Terra,MODIS,62,6.0NRT,295,7.3,D
28.024,77.29,307.3,1,1,2020-02-25,0540,Terra,MODIS,58,6.0NRT,292.7,6.3,D
32.423,72.903,308.8,1.9,1.3,2020-02-26,0625,Terra,MODIS,61,6.0NRT,296.2,11.6,D
32.418,72.895,309.2,1.9,1.3,2020-02-26,0625,Terra,MODIS,62,6.0NRT,296.2,12.9,D
31.472,72.428,310.2,1.8,1.3,2020-02-26,0625,Terra,MODIS,60,6.0NRT,295.7,14.6,D
31.168,73.293,306.9,2.1,1.4,2020-02-26,0625,Terra,MODIS,54,6.0NRT,294.5,14,D
29.894,72.742,311.3,2.1,1.4,2020-02-26,0625,Terra,MODIS,67,6.0NRT,297.2,17,D
28.052,78.136,311.6,1.1,1,2020-02-26,0755,Aqua,MODIS,63,6.0NRT,296.5,8.2,D
28.941,77.327,311.4,1.1,1,2020-02-26,0755,Aqua,MODIS,64,6.0NRT,295.5,8.6,D
29.071,77.345,307.9,1.1,1,2020-02-26,0755,Aqua,MODIS,56,6.0NRT,295.2,5.7,D
29.198,77.617,306,1.1,1,2020-02-26,0755,Aqua,MODIS,53,6.0NRT,295.3,4.1,D
29.558,77.603,306,1.1,1,2020-02-26,0755,Aqua,MODIS,57,6.0NRT,292.8,4.1,D
29.737,77.928,304.3,1,1,2020-02-26,0755,Aqua,MODIS,45,6.0NRT,287.8,3.9,D
29.846,77.618,305.8,1.1,1,2020-02-26,0755,Aqua,MODIS,58,6.0NRT,293.2,4.3,D
30.492,77.789,311.6,1,1,2020-02-26,0755,Aqua,MODIS,54,6.0NRT,295.6,8.1,D
31.775,75.534,308.3,1.2,1.1,2020-02-26,0800,Aqua,MODIS,59,6.0NRT,296.8,6.1,D
31.968,75.397,307.1,1.2,1.1,2020-02-26,0800,Aqua,MODIS,60,6.0NRT,295.2,6.7,D
31.491,72.583,310.3,1.8,1.3,2020-02-26,0800,Aqua,MODIS,62,6.0NRT,297.1,12.9,D
32.006,74.901,321,1.3,1.1,2020-02-26,0800,Aqua,MODIS,79,6.0NRT,295,24.6,D
31.745,73.11,309.3,1.7,1.3,2020-02-26,0800,Aqua,MODIS,60,6.0NRT,297.7,8.9,D
31.902,73.02,310,1.7,1.3,2020-02-26,0800,Aqua,MODIS,61,6.0NRT,297.9,9.5,D
32.374,73.428,307.8,1.5,1.2,2020-02-26,0800,Aqua,MODIS,51,6.0NRT,295.6,8.9,D
32.961,72.589,317,1.7,1.3,2020-02-26,0800,Aqua,MODIS,72,6.0NRT,300.8,15.6,D
32.963,72.6,318.8,1.7,1.3,2020-02-26,0800,Aqua,MODIS,75,6.0NRT,300.9,21,D
33.24,72.765,313.3,1.6,1.3,2020-02-26,0800,Aqua,MODIS,69,6.0NRT,300.1,12.7,D
32.135,72.32,311.3,2.3,1.5,2020-02-27,0530,Terra,MODIS,52,6.0NRT,292.7,23,D
32.125,72.312,308,2.3,1.5,2020-02-27,0530,Terra,MODIS,45,6.0NRT,292.6,13.3,D
31.963,72.814,308.7,2.2,1.4,2020-02-27,0530,Terra,MODIS,63,6.0NRT,292.5,19,D
27.904,78.916,306.4,1,1,2020-02-27,0530,Terra,MODIS,63,6.0NRT,292.9,4.5,D
30.687,72.552,315.9,1.4,1.2,2020-02-27,0840,Aqua,MODIS,65,6.0NRT,298.9,11.7,D
31.665,75.68,307.2,2.3,1.5,2020-02-27,0840,Aqua,MODIS,53,6.0NRT,293.1,13.7,D
31.771,75.539,305.4,2.3,1.5,2020-02-27,0840,Aqua,MODIS,32,6.0NRT,292,13.4,D
32.44,73.144,311.8,1.6,1.2,2020-02-27,0840,Aqua,MODIS,62,6.0NRT,292.5,12.9,D
32.439,73.127,323.4,1.6,1.2,2020-02-27,0840,Aqua,MODIS,79,6.0NRT,294.3,32.8,D
32.457,73.09,313.5,1.6,1.2,2020-02-27,0840,Aqua,MODIS,55,6.0NRT,295.3,14.5,D
32.966,72.495,317.2,1.5,1.2,2020-02-27,0840,Aqua,MODIS,69,6.0NRT,299.7,12,D
33.048,72.193,316.5,1.4,1.2,2020-02-27,0840,Aqua,MODIS,67,6.0NRT,301.1,10.1,D
32.048,73.769,303.5,1.4,1.2,2020-02-28,0610,Terra,MODIS,56,6.0NRT,288.5,7.6,D
31.962,73.1,309.8,1.3,1.1,2020-02-28,0610,Terra,MODIS,69,6.0NRT,290.5,10.8,D
31.749,73.134,318.6,1.3,1.1,2020-02-28,0610,Terra,MODIS,78,6.0NRT,289.5,21.4,D
29.993,77.796,306.4,1.4,1.2,2020-02-28,0745,Aqua,MODIS,63,6.0NRT,294.1,6.7,D
31.565,72.612,307.6,2.9,1.6,2020-02-28,0745,Aqua,MODIS,62,6.0NRT,289.8,25.4,D
32.026,73.272,304.6,2.5,1.5,2020-02-28,0745,Aqua,MODIS,52,6.0NRT,289.1,16.3,D
28.093,75.496,326.7,1.3,1.1,2020-02-29,0830,Aqua,MODIS,75,6.0NRT,302.9,21.7,D
29.907,72.775,312.9,1,1,2020-02-29,0830,Aqua,MODIS,66,6.0NRT,298.8,6,D
29.906,72.765,313.7,1,1,2020-02-29,0830,Aqua,MODIS,67,6.0NRT,299.7,6.6,D
29.472,77.023,303.1,1.1,1.1,2020-02-29,2035,Aqua,MODIS,53,6.0NRT,284.3,9.8,N
33.25,72.934,302.8,1,1,2020-03-01,0600,Terra,MODIS,49,6.0NRT,290.3,3.9,D
32.333,72.581,303.9,1,1,2020-03-01,0600,Terra,MODIS,50,6.0NRT,292.7,3.5,D
31.028,74.016,317.2,1.1,1,2020-03-01,0600,Terra,MODIS,76,6.0NRT,294,13.6,D
30.822,75.16,308.3,1.2,1.1,2020-03-01,0600,Terra,MODIS,50,6.0NRT,295.9,7.2,D
29.908,72.863,306.4,1,1,2020-03-01,0600,Terra,MODIS,54,6.0NRT,293.7,3.6,D
29.864,72.726,307.8,1,1,2020-03-01,0600,Terra,MODIS,60,6.0NRT,292.3,4.9,D
32.798,74.439,320.6,3.2,1.7,2020-03-01,0735,Aqua,MODIS,80,6.0NRT,291.7,91.4,D
29.12,77.358,312.8,1.1,1.1,2020-03-02,0815,Aqua,MODIS,63,6.0NRT,297.1,8.4,D
29.624,77.382,308,1.2,1.1,2020-03-02,0815,Aqua,MODIS,55,6.0NRT,296.5,5.2,D
30.996,73.786,322.7,1,1,2020-03-02,0815,Aqua,MODIS,78,6.0NRT,299.5,14.9,D
30.994,73.776,312.4,1,1,2020-03-02,0815,Aqua,MODIS,63,6.0NRT,299,5.7,D
31.496,73.55,309.4,1,1,2020-03-02,0815,Aqua,MODIS,56,6.0NRT,296.5,5.3,D
31.398,72.66,310.8,1.1,1,2020-03-02,0815,Aqua,MODIS,57,6.0NRT,297.5,6.1,D
31.467,72.446,311.9,1.1,1,2020-03-02,0815,Aqua,MODIS,60,6.0NRT,299,6.6,D
32.084,75.233,307.9,1,1,2020-03-02,0815,Aqua,MODIS,58,6.0NRT,296.1,5.4,D
31.818,72.99,312.5,1,1,2020-03-02,0815,Aqua,MODIS,62,6.0NRT,298.2,6.1,D
32.076,72.327,313.6,1.1,1,2020-03-02,0815,Aqua,MODIS,62,6.0NRT,300.5,7.4,D
32.457,72.932,313,1,1,2020-03-02,0815,Aqua,MODIS,63,6.0NRT,297.6,7.6,D
33.043,73.275,312.8,1,1,2020-03-02,0815,Aqua,MODIS,66,6.0NRT,297.8,7.8,D
33.205,72.213,309.2,1,1,2020-03-02,0815,Aqua,MODIS,52,6.0NRT,297.6,5,D
31.817,72.96,310.6,1.1,1.1,2020-03-03,0545,Terra,MODIS,60,6.0NRT,296.7,6.7,D
31.807,72.959,312.7,1.1,1.1,2020-03-03,0545,Terra,MODIS,65,6.0NRT,297.2,8.6,D
30.997,77.143,300.2,1.1,1,2020-03-03,0545,Terra,MODIS,13,6.0NRT,288.1,2.8,D
31.564,72.705,310.2,1.2,1.1,2020-03-03,0545,Terra,MODIS,57,6.0NRT,296.9,7.2,D
30.495,77.087,310.9,1.1,1,2020-03-03,0545,Terra,MODIS,61,6.0NRT,294.8,7.5,D
30.49,77.079,311.8,1.1,1,2020-03-03,0545,Terra,MODIS,69,6.0NRT,294.5,8.8,D
30.488,77.09,309.4,1.1,1,2020-03-03,0545,Terra,MODIS,65,6.0NRT,293.8,7,D
30.326,77.28,307.8,1.1,1,2020-03-03,0545,Terra,MODIS,62,6.0NRT,294.5,5.4,D
30.317,77.278,309.9,1.1,1,2020-03-03,0545,Terra,MODIS,66,6.0NRT,294.1,7.2,D
30.322,77.187,306.9,1.1,1,2020-03-03,0545,Terra,MODIS,60,6.0NRT,295.3,5,D
30.072,77.809,307.4,1.2,1.1,2020-03-03,0545,Terra,MODIS,62,6.0NRT,297,5.5,D
30.07,77.821,315.4,1.2,1.1,2020-03-03,0545,Terra,MODIS,74,6.0NRT,297.1,13,D
30.097,77.04,305,1.1,1,2020-03-03,0545,Terra,MODIS,52,6.0NRT,295,3.8,D
30.02,77.453,306.2,1.1,1.1,2020-03-03,0545,Terra,MODIS,57,6.0NRT,294.8,4.6,D
29.618,78.481,310.3,1.3,1.1,2020-03-03,0545,Terra,MODIS,68,6.0NRT,297.4,8.3,D
29.859,72.747,313.9,1.1,1,2020-03-03,0545,Terra,MODIS,67,6.0NRT,299,7.6,D
29.032,77.526,309.1,1.2,1.1,2020-03-03,0545,Terra,MODIS,60,6.0NRT,298.1,5.1,D
29.03,77.537,330.2,1.2,1.1,2020-03-03,0545,Terra,MODIS,85,6.0NRT,298.8,30.8,D
29.103,76.498,309.3,1.1,1,2020-03-03,0545,Terra,MODIS,59,6.0NRT,296.2,6.9,D
28.872,77.552,308.4,1.2,1.1,2020-03-03,0545,Terra,MODIS,57,6.0NRT,297.4,5.6,D
28.78,77.97,308.6,1.2,1.1,2020-03-03,0545,Terra,MODIS,57,6.0NRT,297.1,6.6,D
28.969,76.343,308,1.1,1,2020-03-03,0545,Terra,MODIS,46,6.0NRT,295.8,5.5,D
28.939,76.47,308.9,1.1,1,2020-03-03,0545,Terra,MODIS,53,6.0NRT,296.3,5.6,D
28.689,77.773,317.4,1.2,1.1,2020-03-03,0545,Terra,MODIS,73,6.0NRT,298,14.7,D
28.352,77.936,306.9,1.2,1.1,2020-03-03,0545,Terra,MODIS,48,6.0NRT,296.4,5.7,D
28.11,77.474,309.6,1,1,2020-03-04,0805,Aqua,MODIS,57,6.0NRT,294.8,6,D
28.691,76.982,315,1,1,2020-03-04,0805,Aqua,MODIS,57,6.0NRT,299.8,6,D
29.122,78.094,314.3,1,1,2020-03-04,0805,Aqua,MODIS,66,6.0NRT,300.5,6.5,D
28.879,76.396,313.2,1.1,1,2020-03-04,0805,Aqua,MODIS,59,6.0NRT,297.4,7.6,D
29.031,77.218,311.6,1,1,2020-03-04,0805,Aqua,MODIS,59,6.0NRT,298.4,4.8,D
29.442,78.01,317.8,1,1,2020-03-04,0805,Aqua,MODIS,55,6.0NRT,300.6,10.8,D
29.755,78.406,313.1,1,1,2020-03-04,0805,Aqua,MODIS,68,6.0NRT,301.6,6.6,D
29.683,77.131,309,1,1,2020-03-04,0805,Aqua,MODIS,57,6.0NRT,296.5,5.4,D
29.65,76.915,307.4,1,1,2020-03-04,0805,Aqua,MODIS,50,6.0NRT,296.1,4.5,D
29.714,77.157,311.8,1,1,2020-03-04,0805,Aqua,MODIS,65,6.0NRT,295.9,6.7,D
29.932,77.201,307.6,1,1,2020-03-04,0805,Aqua,MODIS,49,6.0NRT,296.6,4,D
31.823,75.544,309,1.1,1,2020-03-04,0805,Aqua,MODIS,43,6.0NRT,297.4,5.6,D
31.821,75.533,307.7,1.1,1,2020-03-04,0805,Aqua,MODIS,53,6.0NRT,295.7,4.5,D
31.824,75.43,309,1.1,1,2020-03-04,0805,Aqua,MODIS,65,6.0NRT,296.3,6.2,D
31.822,75.419,307.9,1.1,1,2020-03-04,0805,Aqua,MODIS,63,6.0NRT,296.3,5.4,D
32.876,74.378,315.7,1.1,1.1,2020-03-04,0805,Aqua,MODIS,76,6.0NRT,280.2,16.1,D
29.297,78.871,306.9,1,1,2020-03-05,0535,Terra,MODIS,58,6.0NRT,292.8,5.2,D
28.754,78.685,307,1,1,2020-03-05,0535,Terra,MODIS,64,6.0NRT,293.1,4.9,D
30.816,75.162,305.8,1.4,1.2,2020-03-08,0605,Terra,MODIS,60,6.0NRT,294.8,8,D
29.256,78.085,309.8,1.5,1.2,2020-03-09,0820,Aqua,MODIS,62,6.0NRT,297.8,10.4,D
29.788,72.713,322.6,1,1,2020-03-09,0820,Aqua,MODIS,79,6.0NRT,297.4,15.4,D
29.787,72.703,310.4,1,1,2020-03-09,0820,Aqua,MODIS,51,6.0NRT,297.7,4.6,D
29.808,72.783,308.3,1,1,2020-03-09,0820,Aqua,MODIS,45,6.0NRT,296.8,3.7,D
29.941,72.814,307,1,1,2020-03-09,0820,Aqua,MODIS,52,6.0NRT,296.1,3.9,D
31.187,73.021,308.4,1,1,2020-03-09,0820,Aqua,MODIS,57,6.0NRT,296.6,5.1,D
31.303,73.389,306.4,1,1,2020-03-09,0820,Aqua,MODIS,50,6.0NRT,296.1,3.5,D
31.459,72.473,315.3,1,1,2020-03-09,0820,Aqua,MODIS,70,6.0NRT,296,10.1,D
31.55,72.599,310.3,1,1,2020-03-09,0820,Aqua,MODIS,60,6.0NRT,296.5,6,D
31.714,72.329,306.7,1,1,2020-03-09,0820,Aqua,MODIS,40,6.0NRT,295.2,4.7,D
32.361,72.596,308.8,1,1,2020-03-09,0825,Aqua,MODIS,55,6.0NRT,297.1,5,D
32.402,72.73,306.8,1,1,2020-03-10,0550,Terra,MODIS,26,6.0NRT,294.4,4.3,D
32.395,72.717,310.2,1,1,2020-03-10,0550,Terra,MODIS,68,6.0NRT,293.9,7,D
32.393,72.728,310,1,1,2020-03-10,0550,Terra,MODIS,68,6.0NRT,294.3,6.8,D
32.193,73.443,304.1,1,1,2020-03-10,0550,Terra,MODIS,57,6.0NRT,289.9,4.4,D
31.762,75.62,307.6,1.1,1,2020-03-10,0550,Terra,MODIS,66,6.0NRT,293.6,6.6,D
31.534,72.629,307.4,1,1,2020-03-10,0550,Terra,MODIS,56,6.0NRT,293.6,4.9,D
31.532,72.64,305.6,1,1,2020-03-10,0550,Terra,MODIS,47,6.0NRT,293.2,3.9,D
31.485,72.576,309.9,1,1,2020-03-10,0550,Terra,MODIS,63,6.0NRT,293.9,6.6,D
31.437,72.528,311.9,1,1,2020-03-10,0550,Terra,MODIS,67,6.0NRT,294,8.5,D
29.136,75.771,310.6,1.1,1.1,2020-03-10,0555,Terra,MODIS,36,6.0NRT,297.4,6.9,D
27.962,76.39,311.8,1.3,1.1,2020-03-10,0555,Terra,MODIS,30,6.0NRT,298,7.7,D
29.928,78.084,301.1,1,1,2020-03-12,0540,Terra,MODIS,12,6.0NRT,289.9,2.9,D
28.728,78.011,309.2,1.1,1,2020-03-12,0540,Terra,MODIS,54,6.0NRT,293.5,5.7,D
29.074,73.222,308.3,2.3,1.5,2020-03-13,0625,Terra,MODIS,40,6.0NRT,293.9,19.1,D
28.761,77.452,309.2,1.1,1,2020-03-13,0755,Aqua,MODIS,26,6.0NRT,293.9,4.6,D
33.109,72.516,311.5,1.5,1.2,2020-03-14,0840,Aqua,MODIS,67,6.0NRT,294.6,11.6,D
33.185,72.888,308,1.2,1.1,2020-03-15,0610,Terra,MODIS,60,6.0NRT,294.2,6.9,D
33.183,72.9,314.6,1.2,1.1,2020-03-15,0610,Terra,MODIS,72,6.0NRT,293.5,13.4,D
32.006,72.842,306.1,1.2,1.1,2020-03-15,0610,Terra,MODIS,51,6.0NRT,293.8,5.6,D
29.79,76.409,302.8,1.8,1.3,2020-03-15,0745,Aqua,MODIS,16,6.0NRT,289.7,5.2,D
31.31,72.437,313,1,1,2020-03-16,0830,Aqua,MODIS,62,6.0NRT,297.7,7.6,D
31.433,72.82,311.8,1.1,1,2020-03-16,0830,Aqua,MODIS,58,6.0NRT,297.9,7.2,D
31.477,72.449,311.3,1,1,2020-03-16,0830,Aqua,MODIS,57,6.0NRT,298.1,5.5,D
31.678,72.51,309.7,1,1,2020-03-16,0830,Aqua,MODIS,49,6.0NRT,297,5.5,D
32.325,72.54,316.7,1.1,1,2020-03-16,0830,Aqua,MODIS,73,6.0NRT,295.6,10.7,D
33.45,74.081,307.1,1,1,2020-03-17,0600,Terra,MODIS,54,6.0NRT,293.3,5.7,D
33.448,74.092,306.6,1,1,2020-03-17,0600,Terra,MODIS,53,6.0NRT,292.5,5,D
32.004,74.889,305.1,1.1,1.1,2020-03-17,0600,Terra,MODIS,49,6.0NRT,294.4,4.9,D
32.024,73.024,307,1,1,2020-03-17,0600,Terra,MODIS,40,6.0NRT,296.2,3.8,D
31.94,72.904,308.4,1,1,2020-03-17,0600,Terra,MODIS,49,6.0NRT,295.5,5,D
31.939,72.914,310.5,1,1,2020-03-17,0600,Terra,MODIS,58,6.0NRT,295.5,6.4,D
31.473,75.591,311.1,1.2,1.1,2020-03-17,0600,Terra,MODIS,68,6.0NRT,295.7,8.8,D
31.471,75.603,306.3,1.2,1.1,2020-03-17,0600,Terra,MODIS,42,6.0NRT,295.6,4.5,D
31.47,75.597,313.3,1.2,1.1,2020-03-17,0600,Terra,MODIS,70,6.0NRT,295.6,11.2,D
31.589,72.604,310.1,1,1,2020-03-17,0600,Terra,MODIS,55,6.0NRT,295.5,5.6,D
31.272,73.99,308.5,1.1,1,2020-03-17,0600,Terra,MODIS,41,6.0NRT,296.5,5.2,D
31.19,74.443,309.8,1.1,1,2020-03-17,0600,Terra,MODIS,62,6.0NRT,297.5,6.6,D
31.48,72.463,317,1,1,2020-03-17,0600,Terra,MODIS,71,6.0NRT,295.7,10.9,D
29.899,73.605,327.8,1.1,1,2020-03-17,0600,Terra,MODIS,83,6.0NRT,297.5,23.7,D
29.885,72.753,311.4,1,1,2020-03-17,0600,Terra,MODIS,62,6.0NRT,296.8,5.9,D
29.864,72.77,326.6,1,1,2020-03-17,0600,Terra,MODIS,82,6.0NRT,296.4,19.6,D
28.911,78.799,310.6,1.3,1.1,2020-03-18,0815,Aqua,MODIS,51,6.0NRT,299.2,6.8,D
29.498,78.001,323,1.2,1.1,2020-03-18,0815,Aqua,MODIS,78,6.0NRT,299.5,18.8,D
29.499,78.008,324.2,1.2,1.1,2020-03-18,0815,Aqua,MODIS,60,6.0NRT,299,20.1,D
31.054,75.412,323.9,1,1,2020-03-18,0815,Aqua,MODIS,80,6.0NRT,296.7,18.3,D
31.468,75.618,323.4,1,1,2020-03-18,0815,Aqua,MODIS,80,6.0NRT,296.8,17.7,D
31.467,75.607,319.1,1,1,2020-03-18,0815,Aqua,MODIS,75,6.0NRT,296.9,13,D
31.493,75.736,308.9,1,1,2020-03-18,0815,Aqua,MODIS,58,6.0NRT,296.1,4.1,D
31.492,75.725,311.3,1,1,2020-03-18,0815,Aqua,MODIS,64,6.0NRT,296.5,6.2,D
31.478,75.55,314,1,1,2020-03-18,0815,Aqua,MODIS,68,6.0NRT,296.7,7.8,D
31.806,75.609,308.3,1,1,2020-03-18,0815,Aqua,MODIS,51,6.0NRT,295.8,4.6,D
31.387,72.345,315.3,1.1,1,2020-03-18,0815,Aqua,MODIS,67,6.0NRT,299.1,8.1,D
31.935,75.197,308.5,1,1,2020-03-18,0815,Aqua,MODIS,55,6.0NRT,295.1,5.5,D
32.001,73.2,320.2,1,1,2020-03-18,0815,Aqua,MODIS,73,6.0NRT,300.3,12.1,D
32.453,72.83,316.7,1,1,2020-03-18,0815,Aqua,MODIS,67,6.0NRT,297.6,10.1,D
32.451,72.819,319.3,1,1,2020-03-18,0815,Aqua,MODIS,62,6.0NRT,298.3,12.6,D
32.759,74.495,318.2,1,1,2020-03-18,0815,Aqua,MODIS,74,6.0NRT,297.9,11.7,D
32.758,74.485,316.1,1,1,2020-03-18,0815,Aqua,MODIS,71,6.0NRT,298.1,9.7,D
32.754,73.61,313.5,1,1,2020-03-18,0815,Aqua,MODIS,36,6.0NRT,300.6,4.8,D
32.958,72.573,316.3,1.2,1.1,2020-03-19,0545,Terra,MODIS,65,6.0NRT,300.8,9.5,D
31.873,75.469,314.6,1,1,2020-03-19,0545,Terra,MODIS,71,6.0NRT,296.4,9.6,D
31.585,75.732,310.4,1,1,2020-03-19,0545,Terra,MODIS,64,6.0NRT,297,5,D
31.583,75.742,312.2,1,1,2020-03-19,0545,Terra,MODIS,67,6.0NRT,296.9,6.5,D
31.599,75.322,306.7,1,1,2020-03-19,0545,Terra,MODIS,47,6.0NRT,296,3.9,D
31.478,75.762,308.9,1,1,2020-03-19,0545,Terra,MODIS,58,6.0NRT,297.4,4.4,D
31.477,75.773,308.4,1,1,2020-03-19,0545,Terra,MODIS,56,6.0NRT,296.7,4.1,D
31.076,76.102,311.2,1,1,2020-03-19,0545,Terra,MODIS,65,6.0NRT,296,6.7,D
30.127,76.78,309.6,1.1,1,2020-03-19,0545,Terra,MODIS,61,6.0NRT,295.8,6,D
30.024,77.194,310.5,1.1,1,2020-03-19,0545,Terra,MODIS,63,6.0NRT,296.4,7.2,D
30.023,77.205,311.3,1.1,1,2020-03-19,0545,Terra,MODIS,65,6.0NRT,296.2,8,D
29.761,77.166,307.7,1.1,1,2020-03-19,0545,Terra,MODIS,51,6.0NRT,296.7,5,D
29.919,74.954,312,1,1,2020-03-19,0545,Terra,MODIS,35,6.0NRT,299.9,5.7,D
29.474,76.869,312.4,1.1,1,2020-03-19,0545,Terra,MODIS,29,6.0NRT,301,7.2,D
29.815,72.713,311.8,1.1,1.1,2020-03-19,0545,Terra,MODIS,55,6.0NRT,295.9,5.8,D
29.813,72.724,313.9,1.1,1.1,2020-03-19,0545,Terra,MODIS,64,6.0NRT,296.4,7.5,D
29.176,76.659,316.8,1.1,1,2020-03-19,0545,Terra,MODIS,71,6.0NRT,295.9,12.5,D
29.175,76.669,309.4,1.1,1,2020-03-19,0545,Terra,MODIS,53,6.0NRT,295.6,6,D
28.79,76.465,311.4,1.1,1,2020-03-19,0545,Terra,MODIS,44,6.0NRT,297,6.2,D
32.81,74.451,325.3,4,1.9,2020-03-19,0900,Aqua,MODIS,79,6.0NRT,294.9,148.3,D
32.813,74.446,326.9,4,1.9,2020-03-19,0900,Aqua,MODIS,81,6.0NRT,294.9,161.2,D
33.297,72.992,308.1,2.3,1.5,2020-03-20,0630,Terra,MODIS,61,6.0NRT,294.1,13,D
29.404,78.922,311.2,1,1,2020-03-20,0805,Aqua,MODIS,38,6.0NRT,296.3,5.1,D
31.09,76.114,322.5,1,1,2020-03-20,0805,Aqua,MODIS,80,6.0NRT,293.1,17.1,D
31.203,76.189,312.7,1,1,2020-03-20,0805,Aqua,MODIS,60,6.0NRT,296.6,8.3,D
31.583,75.716,312.8,1.1,1,2020-03-20,0805,Aqua,MODIS,67,6.0NRT,299.9,5.5,D
29.952,78.262,309.6,1,1,2020-03-21,0535,Terra,MODIS,62,6.0NRT,296.4,5.5,D
29.852,77.169,314.2,1,1,2020-03-21,0535,Terra,MODIS,70,6.0NRT,293,10,D
29.701,78.028,307.6,1,1,2020-03-21,0535,Terra,MODIS,54,6.0NRT,293.4,3.9,D
29.831,76.793,308.5,1,1,2020-03-21,0535,Terra,MODIS,59,6.0NRT,293,6.3,D
29.886,72.74,311.1,1.6,1.3,2020-03-21,0535,Terra,MODIS,64,6.0NRT,297,8.9,D
28.151,77.337,316.6,1,1,2020-03-21,0535,Terra,MODIS,42,6.0NRT,302.1,6.7,D
33.393,72.444,312.1,1.3,1.1,2020-03-22,0615,Terra,MODIS,66,6.0NRT,297.9,8,D
32.008,72.821,310.9,1.5,1.2,2020-03-22,0615,Terra,MODIS,50,6.0NRT,297.3,8.6,D
31.998,72.819,313.3,1.5,1.2,2020-03-22,0615,Terra,MODIS,63,6.0NRT,297.1,12.2,D
32.006,72.815,311.1,1.5,1.2,2020-03-22,0615,Terra,MODIS,56,6.0NRT,297.3,9.2,D
32.003,72.83,319.2,1.5,1.2,2020-03-22,0615,Terra,MODIS,73,6.0NRT,297.2,21.8,D
31.486,72.549,314.4,1.5,1.2,2020-03-22,0615,Terra,MODIS,65,6.0NRT,297.6,14.2,D
29.771,73.562,316.7,1.9,1.3,2020-03-22,0615,Terra,MODIS,71,6.0NRT,297.4,22.4,D
28.738,76.379,312.8,3,1.7,2020-03-22,0615,Terra,MODIS,55,6.0NRT,297.2,32.1,D
29.939,78.278,322,1.1,1.1,2020-03-22,0750,Aqua,MODIS,78,6.0NRT,299.6,19.1,D
31.156,76.064,309.9,1.4,1.2,2020-03-22,0750,Aqua,MODIS,60,6.0NRT,298,7.4,D
31.525,75.601,317.8,1.5,1.2,2020-03-22,0750,Aqua,MODIS,74,6.0NRT,300.5,17,D
31.808,74.563,314.9,1.7,1.3,2020-03-22,0750,Aqua,MODIS,61,6.0NRT,297.4,21.7,D
31.804,74.545,335.7,1.7,1.3,2020-03-22,0750,Aqua,MODIS,0,6.0NRT,300.4,71.9,D
31.967,72.817,316.9,2.2,1.4,2020-03-22,0750,Aqua,MODIS,70,6.0NRT,297.1,30.7,D
31.966,72.811,316.5,2.2,1.4,2020-03-22,0750,Aqua,MODIS,70,6.0NRT,297.1,30,D
29.119,79.093,313.7,1.6,1.2,2020-03-25,0510,Terra,MODIS,61,6.0NRT,300.3,9.2,D
29.117,79.103,316.3,1.6,1.2,2020-03-25,0510,Terra,MODIS,67,6.0NRT,300.4,14.5,D
29.847,73.308,309.9,1.2,1.1,2020-03-28,0540,Terra,MODIS,41,6.0NRT,297.1,6.5,D
28.684,77.381,319.3,1,1,2020-03-28,0540,Terra,MODIS,72,6.0NRT,300.5,11.1,D
32.285,72.509,315.2,1.8,1.3,2020-03-29,0620,Terra,MODIS,71,6.0NRT,295.9,22.2,D
28.326,77.769,324.2,1.1,1,2020-03-29,0755,Aqua,MODIS,73,6.0NRT,303.5,15.6,D
29.59,77.116,311.1,1.1,1,2020-03-29,0755,Aqua,MODIS,54,6.0NRT,300.8,5.6,D
31.656,75.751,314.1,1.2,1.1,2020-03-29,0800,Aqua,MODIS,68,6.0NRT,300.1,8.9,D
29.572,78.029,313.8,1.1,1,2020-03-30,0530,Terra,MODIS,45,6.0NRT,301,4.2,D
29.102,77.202,310.9,1.1,1.1,2020-03-30,0530,Terra,MODIS,53,6.0NRT,297,5.6,D
28.96,78.06,314.9,1,1,2020-03-30,0530,Terra,MODIS,61,6.0NRT,303.1,6.6,D
28.911,77.262,314.7,1.1,1,2020-03-30,0530,Terra,MODIS,63,6.0NRT,299.7,8.5,D
28.403,78.161,323.8,1.5,1.2,2020-03-31,0745,Aqua,MODIS,76,6.0NRT,303.4,19.8,D
29.447,78.621,317.3,1.4,1.2,2020-04-01,0515,Terra,MODIS,0,6.0NRT,303,7.8,D
29.091,77.463,314,1.6,1.2,2020-04-01,0515,Terra,MODIS,55,6.0NRT,300.3,9.1,D
30.665,76.613,312.2,1.6,1.2,2020-04-01,0830,Aqua,MODIS,59,6.0NRT,298.4,8.4,D
30.664,76.596,315.9,1.6,1.2,2020-04-01,0830,Aqua,MODIS,68,6.0NRT,299.1,14.2,D
31.884,74.217,308.5,1.1,1,2020-04-02,0600,Terra,MODIS,35,6.0NRT,298.1,4,D
32.057,72.866,316.7,1,1,2020-04-02,0600,Terra,MODIS,68,6.0NRT,298.8,10.3,D
29.818,73.876,316.9,1.1,1,2020-04-02,0600,Terra,MODIS,65,6.0NRT,301.3,8.5,D
29.173,76.234,312.7,1.4,1.2,2020-04-02,0600,Terra,MODIS,53,6.0NRT,298.6,10.9,D
28.858,77.783,313.7,1.8,1.3,2020-04-02,0600,Terra,MODIS,57,6.0NRT,300.8,12.3,D
29.243,76.712,326.4,1.1,1,2020-04-03,0815,Aqua,MODIS,76,6.0NRT,300.7,21,D
30.229,74.893,316.4,1,1,2020-04-03,0815,Aqua,MODIS,50,6.0NRT,306.1,7.1,D
30.818,75.161,320.9,1,1,2020-04-03,0815,Aqua,MODIS,50,6.0NRT,309.5,9.8,D
31.063,74.603,320,1,1,2020-04-03,0815,Aqua,MODIS,71,6.0NRT,304,10.1,D
31.789,75.603,308.9,1,1,2020-04-03,0815,Aqua,MODIS,55,6.0NRT,292.2,5.9,D
32.317,73.715,324,1,1,2020-04-03,0815,Aqua,MODIS,60,6.0NRT,292.3,19,D
31.766,75.617,315,1,1,2020-04-04,0545,Terra,MODIS,67,6.0NRT,301.3,7.2,D
31.569,75.57,312.2,1,1,2020-04-04,0545,Terra,MODIS,57,6.0NRT,301,4.9,D
30.961,73.887,314,1,1,2020-04-04,0545,Terra,MODIS,55,6.0NRT,301.3,5,D
30.089,74.335,313.4,1,1,2020-04-04,0545,Terra,MODIS,55,6.0NRT,299.6,6.3,D
29.445,76.869,316.8,1.1,1,2020-04-04,0545,Terra,MODIS,59,6.0NRT,304.6,8.9,D
28.629,78.904,318.5,1.4,1.2,2020-04-04,0545,Terra,MODIS,63,6.0NRT,304.6,12.7,D
29.078,76.46,309,4.7,2,2020-04-04,0720,Aqua,MODIS,54,6.0NRT,298.5,41.9,D
29.464,76.843,312.3,4.7,2,2020-04-05,0450,Terra,MODIS,52,6.0NRT,288.9,83.2,D
29.461,76.891,313.9,4.7,2,2020-04-05,0450,Terra,MODIS,56,6.0NRT,285.2,100,D
29.465,76.837,309.8,4.7,2,2020-04-05,0450,Terra,MODIS,40,6.0NRT,289.2,66.4,D
29.462,76.885,316.6,4.7,2,2020-04-05,0450,Terra,MODIS,70,6.0NRT,285.9,120.6,D
28.487,77.496,322.7,1,1,2020-04-05,0805,Aqua,MODIS,50,6.0NRT,308,5.6,D
30.903,76.202,321.7,1,1,2020-04-05,0805,Aqua,MODIS,73,6.0NRT,304.9,11.1,D
31.058,74.519,316.6,1.3,1.1,2020-04-06,0535,Terra,MODIS,65,6.0NRT,300.7,11.2,D
29.729,77.537,328.2,1,1,2020-04-06,0535,Terra,MODIS,78,6.0NRT,304.2,17.8,D
27.19,77.44,334.6,1,1,2020-04-06,0535,Terra,MODIS,77,6.0NRT,311.1,15.6,D
29.393,77.988,326.3,1.2,1.1,2020-04-07,0750,Aqua,MODIS,78,6.0NRT,300.4,20.1,D
29.394,77.982,319.2,1.2,1.1,2020-04-07,0750,Aqua,MODIS,63,6.0NRT,300.6,10.2,D
29.56,77.939,316.1,1.2,1.1,2020-04-07,0750,Aqua,MODIS,22,6.0NRT,294.1,10,D
27.373,77.687,332.5,1.2,1.1,2020-04-08,0520,Terra,MODIS,77,6.0NRT,305.8,23,D
27.371,77.699,332.1,1.2,1.1,2020-04-08,0520,Terra,MODIS,77,6.0NRT,307.1,21.6,D
31.379,75.484,325.6,1.7,1.3,2020-04-08,0835,Aqua,MODIS,78,6.0NRT,304.5,31.6,D
31.377,75.465,317.4,1.7,1.3,2020-04-08,0835,Aqua,MODIS,67,6.0NRT,304.1,13.2,D
29.383,77.987,320.8,1.5,1.2,2020-04-10,0820,Aqua,MODIS,41,6.0NRT,299.8,15.1,D
30.677,77.067,320.8,1.4,1.2,2020-04-10,0820,Aqua,MODIS,68,6.0NRT,300.1,16,D
30.675,77.054,317.1,1.4,1.2,2020-04-10,0820,Aqua,MODIS,54,6.0NRT,301.6,9.7,D
31.308,75.335,320.8,1.1,1.1,2020-04-10,0820,Aqua,MODIS,45,6.0NRT,304.2,6.7,D
