date,H_pm25,H_pm10,H_o3,H_no2,H_so2,H_co,D_pm25,D_pm10,D_o3,D_no2,D_so2,D_co,P_pm25,P_pm10,P_o3,P_no2,P_so2,P_co
2016-09-01,85,42,9,6,3,4,76,69,7,18,5,8,68,42,7,5,3,6
2016-09-02,120,42,9,7,3,5,119,78,12,17,4,7,68,42,7,5,3,6
2016-09-03,142,42,8,5,2,6,124,84,7,14,5,5,68,42,7,5,3,6
2016-09-04,133,42,9,5,2,7,126,82,11,12,4,5,68,42,7,5,3,6
2016-09-05,137,42,14,6,4,5,123,91,7,14,5,5,68,42,7,5,3,6
2016-09-06,138,42,15,7,7,2,130,99,10,17,7,7,68,42,7,5,3,6
2016-09-07,164,42,9,7,6,4,141,98,11,16,9,3,68,42,7,5,3,6
2016-09-08,260,42,13,7,6,2,142,98,12,17,8,4,68,42,7,5,3,6
2016-09-09,118,42,9,7,3,1,139,81,12,15,8,7,68,42,7,5,3,6
2016-09-10,111,42,38,7,3,1,120,71,12,16,8,7,68,42,7,5,3,6
2016-09-11,98,42,26,8,4,3,111,87,11,18,7,8,68,42,7,5,3,6
2016-09-12,108,42,10,10,5,4,134,87,15,22,8,10,68,42,7,5,3,6
2016-09-13,148,42,9,6,6,12,145,68,19,21,9,13,68,42,7,5,3,6
2016-09-14,109,42,8,11,4,7,128,99,25,29,7,13,68,42,7,5,3,6
2016-09-15,165,42,12,12,4,7,158,91,24,30,9,10,68,42,7,5,3,6
2016-09-16,163,42,13,11,4,6,151,110,25,35,9,14,68,42,7,5,3,6
2016-09-17,175,42,12,8,4,6,165,109,26,29,8,13,68,42,7,5,3,6
2016-09-18,168,42,13,8,4,9,166,105,27,32,10,15,68,42,7,5,3,6
2016-09-19,158,42,14,9,4,5,157,121,45,36,7,23,68,42,7,5,3,6
2016-09-20,171,42,11,6,4,8,173,112,14,30,6,20,68,42,7,5,3,6
2016-09-21,159,42,9,4,3,3,163,59,12,18,7,11,68,42,7,5,3,6
2016-09-22,101,42,9,6,4,2,105,65,31,20,8,14,68,42,7,5,3,6
2016-09-23,116,42,10,6,4,4,114,101,20,28,7,15,68,42,7,5,3,6
2016-09-24,129,42,10,6,4,3,154,86,32,24,8,18,68,42,7,5,3,6
2016-09-25,127,42,10,7,4,3,139,112,27,34,8,24,68,42,7,5,3,6
2016-09-26,152,42,12,7,4,4,159,84,34,25,8,14,68,42,7,5,3,6
2016-09-27,147,42,14,9,4,5,140,126,52,39,7,20,68,42,7,5,3,6
2016-09-28,176,42,11,6,4,8,170,129,30,31,9,15,68,42,7,5,3,6
2016-09-29,163,42,15,9,4,11,176,100,44,32,9,14,68,42,7,5,3,6
2016-09-30,160,42,10,7,4,9,152,148,22,32,10,25,68,42,7,5,3,6
2016-10-01,156,42,23,7,4,9,186,119,17,27,10,21,68,42,7,5,3,6
2016-10-02,136,42,55,10,4,10,164,119,13,32,8,27,68,42,7,5,3,6
2016-10-03,162,42,8,7,5,8,167,159,26,38,8,16,68,42,7,5,3,6
2016-10-04,184,42,5,8,6,16,189,95,5,43,9,10,68,42,7,5,3,6
2016-10-05,181,42,19,4,5,28,149,130,23,48,9,18,68,42,7,5,3,6
2016-09-06,441,42,15,5,2,29,176,136,23,32,9,17,68,42,7,5,3,6
2016-10-07,441,42,15,5,2,29,180,141,21,45,9,28,68,42,7,5,3,6
2016-10-08,273,42,19,4,5,28,183,180,40,62,9,18,68,42,7,5,3,6
2016-10-09,189,42,19,3,4,17,201,146,57,42,9,6,68,42,7,5,3,6
2016-10-10,268,42,8,1,4,6,181,179,84,39,8,18,68,42,7,5,3,6
2016-10-11,186,42,8,1,5,5,192,156,56,35,10,22,68,42,7,5,3,6
2016-10-12,186,42,6,5,1,14,182,157,41,36,9,33,68,42,7,5,3,6
2016-10-13,197,42,4,3,3,9,166,136,46,37,11,24,68,42,7,5,3,6
2016-10-14,178,42,10,4,4,9,161,203,98,47,10,30,68,42,7,5,3,6
2016-10-15,203,42,4,4,2,9,202,169,85,37,13,22,68,42,7,5,3,6
2016-10-16,187,42,6,4,1,11,194,218,73,42,17,32,68,42,7,5,3,6
2016-10-17,207,42,50,5,2,30,205,234,76,45,15,28,68,42,7,5,3,6
2016-10-18,198,42,5,7,6,27,212,227,67,40,17,30,68,42,7,5,3,6
2016-10-19,210,42,9,9,2,13,202,225,40,36,13,28,68,42,7,5,3,6
2016-10-20,204,42,13,10,5,13,188,217,43,32,14,23,68,42,7,5,3,6
2016-10-21,206,42,11,9,2,13,185,237,39,31,14,25,68,42,7,5,3,6
2016-10-22,186,42,1,11,2,13,192,197,85,37,10,19,68,42,7,5,3,6
2016-10-23,232,42,4,11,2,21,210,235,57,37,15,27,68,42,7,5,3,6
2016-10-24,278,42,13,9,4,18,208,210,38,32,15,14,68,42,7,5,3,6
2016-10-25,179,42,16,11,7,18,188,269,59,45,18,16,68,42,7,5,3,6
2016-10-26,225,42,24,13,6,24,233,434,87,52,15,37,68,42,7,5,3,6
2016-10-27,328,42,23,14,6,31,323,446,76,46,14,40,68,42,7,5,3,6
2016-10-28,311,42,22,15,8,18,317,398,52,71,20,36,68,42,7,5,3,6
2016-10-29,311,42,20,11,5,18,326,386,48,47,19,16,68,42,7,5,3,6
2016-10-30,305,42,22,13,13,26,311,622,41,55,32,30,68,42,7,5,3,6
2016-10-31,339,42,26,14,6,29,447,508,40,55,18,31,68,42,7,5,3,6
2016-11-01,369,42,68,18,5,33,386,710,25,70,17,38,68,42,7,5,3,6
2016-11-02,371,42,21,15,9,20,495,535,51,66,18,44,68,42,7,5,3,6
2016-11-03,358,42,17,13,7,15,477,421,42,59,16,38,68,42,7,5,3,6
2016-11-04,373,42,16,15,6,26,331,813,23,61,18,44,68,42,7,5,3,6
2016-11-05,420,42,15,17,5,23,557,792,29,63,19,53,68,42,7,5,3,6
2016-11-06,409,42,1,18,6,13,618,578,39,45,20,37,68,42,7,5,3,6
2016-11-07,420,42,18,14,4,13,432,410,28,44,18,11,68,42,7,5,3,6
2016-11-08,330,42,21,16,5,13,347,343,43,49,21,20,68,42,7,5,3,6
2016-11-09,362,42,20,24,10,13,317,415,51,61,24,27,68,42,7,5,3,6
2016-11-10,380,42,21,22,8,19,314,442,56,58,25,43,68,42,7,5,3,6
2016-11-11,355,42,22,19,8,21,333,370,52,49,17,32,68,42,7,5,3,6
2016-11-12,349,42,19,18,8,16,310,260,47,48,22,30,68,42,7,5,3,6
2016-11-13,277,42,20,17,7,19,250,272,20,63,17,11,68,42,7,5,3,6
2016-11-14,262,42,16,18,8,21,267,279,33,63,18,12,68,42,7,5,3,6
2016-11-15,292,42,21,19,6,18,268,330,42,58,17,25,68,42,7,5,3,6
2016-11-16,312,42,22,16,5,12,281,294,39,53,18,11,68,42,7,5,3,6
2016-11-17,273,42,22,15,5,12,264,308,37,56,21,11,68,42,7,5,3,6
2016-11-18,259,42,25,19,4,19,273,370,45,63,24,32,68,42,7,5,3,6
2016-11-19,314,42,24,19,4,24,297,332,48,56,24,30,68,42,7,5,3,6
2016-11-20,314,42,25,17,8,26,283,348,44,52,22,39,68,42,7,5,3,6
2016-11-21,346,42,18,13,6,15,276,221,30,51,21,37,68,42,7,5,3,6
2016-11-22,204,42,78,14,4,10,205,254,35,49,19,18,68,42,7,5,3,6
2016-11-23,196,42,17,21,6,14,238,315,36,57,21,36,68,42,7,5,3,6
2016-11-24,246,42,11,12,4,10,256,279,34,34,17,10,68,42,7,5,3,6
2016-11-25,181,42,17,12,5,7,217,183,38,35,19,8,68,42,7,5,3,6
2016-11-26,165,42,16,14,2,10,187,150,37,35,17,8,68,42,7,5,3,6
2016-11-27,171,42,84,14,5,10,199,206,36,40,24,8,68,42,7,5,3,6
2016-11-28,168,42,25,31,12,22,215,355,47,65,22,26,68,42,7,5,3,6
2016-11-29,274,42,9,17,4,22,229,273,7,44,18,33,68,42,7,5,3,6
2016-11-30,303,42,5,17,7,28,236,287,12,30,16,31,68,42,7,5,3,6
2017-09-01,71,42,12,3,4,6,77,41,33,14,8,2,68,42,7,5,3,6
2017-09-02,107,42,8,2,6,8,82,53,33,14,8,2,68,42,7,5,3,6
2017-09-03,103,42,11,3,6,9,100,69,26,14,8,2,68,42,7,5,3,6
2017-09-04,124,42,5,2,1,8,120,55,34,14,8,6,68,42,7,5,3,6
2017-09-05,103,42,4,6,1,14,98,48,4,21,7,5,68,42,7,5,3,6
2017-09-06,72,42,18,5,1,10,83,91,56,21,9,14,68,42,7,5,3,6
2017-09-07,72,42,18,5,1,10,154,91,56,21,9,14,68,42,7,5,3,6
2017-09-08,72,42,18,5,1,10,154,91,56,21,9,14,68,42,7,5,3,6
2017-09-09,72,42,18,5,1,10,154,91,56,21,9,14,68,42,7,5,3,6
2017-09-10,72,42,20,6,2,11,154,103,63,26,9,12,68,42,7,5,3,6
2017-09-11,149,42,4,6,1,14,164,85,51,22,10,10,68,42,7,5,3,6
2017-09-12,156,42,17,9,1,9,148,98,63,25,10,13,68,42,7,5,3,6
2017-09-13,72,42,17,8,11,6,161,117,87,31,10,16,68,42,7,5,3,6
2017-09-14,166,42,17,9,1,9,203,105,59,26,11,12,68,42,7,5,3,6
2017-09-15,72,42,15,10,4,11,174,109,37,32,12,12,68,42,7,5,3,6
2017-09-16,157,42,15,6,2,8,175,86,52,20,10,8,68,42,7,5,3,6
2017-09-17,135,42,20,7,2,8,161,96,67,26,10,6,68,42,7,5,3,6
2017-09-18,137,42,18,7,6,9,164,112,67,37,18,15,68,42,7,5,3,6
2017-09-19,156,42,22,7,6,10,181,129,60,34,16,23,68,42,7,5,3,6
2017-09-20,159,42,8,5,6,9,196,82,17,21,11,13,68,42,7,5,3,6
2017-09-21,127,42,3,3,3,6,152,33,7,16,11,8,68,42,7,5,3,6
2017-09-22,83,42,3,3,3,3,87,30,5,14,9,6,68,42,7,5,3,6
2017-09-23,102,42,9,5,3,6,79,66,20,16,8,9,68,42,7,5,3,6
2017-09-24,111,42,17,5,3,8,134,101,28,25,9,19,68,42,7,5,3,6
2017-09-25,154,42,14,6,3,10,163,124,26,27,9,23,68,42,7,5,3,6
2017-09-26,167,42,18,6,3,12,180,132,43,33,11,25,68,42,7,5,3,6
2017-09-27,178,42,20,6,6,13,185,123,37,36,9,12,68,42,7,5,3,6
2017-09-28,190,42,20,7,3,13,177,133,35,35,13,20,68,42,7,5,3,6
2017-09-29,181,42,16,7,2,16,186,144,38,28,15,25,68,42,7,5,3,6
2017-09-30,173,42,9,6,3,4,190,142,29,28,14,22,68,42,7,5,3,6
2017-10-01,441,42,12,7,2,8,187,115,26,26,11,15,68,42,7,5,3,6
2017-10-02,145,42,21,7,3,8,166,127,36,35,15,15,68,42,7,5,3,6
2017-10-03,163,42,21,9,4,12,175,137,36,39,13,20,68,42,7,5,3,6
2017-10-04,172,42,16,8,7,12,184,126,31,40,13,15,68,42,7,5,3,6
2017-10-05,176,42,21,9,10,10,179,116,32,42,16,13,68,42,7,5,3,6
2017-10-06,183,42,21,12,3,10,170,141,40,43,14,20,68,42,7,5,3,6
2017-10-07,166,42,28,8,9,11,190,168,47,39,14,28,68,42,7,5,3,6
2017-10-08,441,42,13,9,2,11,217,193,28,44,25,31,68,42,7,5,3,6
2017-10-09,155,42,28,8,9,11,224,189,84,39,21,5,68,42,7,5,3,6
2017-10-10,169,42,14,7,6,12,212,167,72,36,18,14,68,42,7,5,3,6
2017-10-11,168,42,25,9,8,15,193,176,59,43,14,28,68,42,7,5,3,6
2017-10-12,186,42,24,10,6,11,208,200,58,46,30,26,68,42,7,5,3,6
2017-10-13,180,42,26,11,5,15,219,225,66,45,24,33,68,42,7,5,3,6
2017-10-14,183,42,3,17,18,18,222,256,75,44,18,34,68,42,7,5,3,6
2017-10-15,441,42,35,16,15,17,247,279,76,57,24,38,68,42,7,5,3,6
2017-10-16,212,42,29,14,9,13,253,256,58,48,20,28,68,42,7,5,3,6
2017-10-17,185,42,27,13,9,14,239,276,57,49,25,34,68,42,7,5,3,6
2017-10-18,200,42,34,14,7,18,259,325,78,49,22,37,68,42,7,5,3,6
2017-10-19,244,42,23,11,6,14,308,522,58,50,36,36,68,42,7,5,3,6
2017-10-20,278,42,10,10,6,21,465,365,58,49,24,32,68,42,7,5,3,6
2017-10-21,387,42,19,9,9,12,321,251,45,51,16,30,68,42,7,5,3,6
2017-10-22,242,42,22,9,13,18,251,260,50,59,21,38,68,42,7,5,3,6
2017-10-23,260,42,21,10,9,16,248,305,43,53,21,33,68,42,7,5,3,6
2017-10-24,254,42,22,16,5,26,263,312,55,61,23,32,68,42,7,5,3,6
2017-10-25,258,42,24,14,10,23,288,250,51,55,19,30,68,42,7,5,3,6
2017-10-26,302,42,19,12,6,15,256,267,44,50,18,32,68,42,7,5,3,6
2017-10-27,233,42,24,10,8,12,260,300,46,53,16,41,68,42,7,5,3,6
2017-10-28,258,42,19,6,5,13,272,284,39,57,15,34,68,42,7,5,3,6
2017-10-29,274,42,24,17,8,19,269,259,38,58,16,21,68,42,7,5,3,6
2017-10-30,282,42,16,15,11,19,280,303,23,50,15,21,68,42,7,5,3,6
2017-10-31,304,42,20,9,7,13,284,263,34,54,14,25,68,42,7,5,3,6
2017-11-01,226,42,15,7,5,15,267,206,30,55,16,26,68,42,7,5,3,6
2017-11-02,209,42,20,6,7,17,232,229,34,51,19,38,68,42,7,5,3,6
2017-11-03,230,42,21,6,8,17,250,276,38,39,18,42,68,42,7,5,3,6
2017-11-04,216,42,15,5,7,25,290,296,56,54,17,43,68,42,7,5,3,6
2017-11-05,222,42,20,7,6,18,280,272,29,49,17,37,68,42,7,5,3,6
2017-11-06,200,42,23,13,7,27,254,638,33,58,16,55,68,42,7,5,3,6
2017-11-07,345,42,22,15,8,17,475,825,30,78,19,72,68,42,7,5,3,6
2017-11-08,413,42,24,16,9,23,617,701,46,69,14,67,68,42,7,5,3,6
2017-11-09,377,42,22,15,10,38,544,516,32,79,13,57,68,42,7,5,3,6
2017-11-10,318,42,28,13,8,38,395,521,26,88,15,59,68,42,7,5,3,6
2017-11-11,287,42,29,19,9,32,410,665,39,90,6,61,68,42,7,5,3,6
2017-11-12,380,42,19,15,6,35,474,515,30,67,16,56,68,42,7,5,3,6
2017-11-13,299,42,17,19,2,52,402,352,21,53,13,40,68,42,7,5,3,6
2017-11-14,255,42,82,13,6,32,336,261,18,46,11,17,68,42,7,5,3,6
2017-11-15,208,42,18,11,11,10,273,230,20,48,22,19,68,42,7,5,3,6
2017-11-16,216,42,14,11,9,13,265,163,17,41,18,14,68,42,7,5,3,6
2017-11-17,197,42,12,13,6,14,214,147,18,48,17,14,68,42,7,5,3,6
2017-11-18,200,42,17,12,4,8,205,151,33,36,15,5,68,42,7,5,3,6
2017-11-19,188,42,23,14,6,7,201,214,34,44,16,5,68,42,7,5,3,6
2017-11-20,187,42,20,14,5,20,249,229,34,40,13,11,68,42,7,5,3,6
2017-11-21,187,42,17,21,2,17,260,224,36,44,19,1,68,42,7,5,3,6
2017-11-22,173,42,20,18,5,14,251,240,39,48,22,9,68,42,7,5,3,6
2017-11-23,189,42,22,17,5,10,270,227,40,51,23,7,68,42,7,5,3,6
2017-11-24,186,42,15,22,4,13,259,285,47,52,25,14,68,42,7,5,3,6
2017-11-25,208,42,22,23,5,17,283,351,43,55,19,38,68,42,7,5,3,6
2017-11-26,219,42,21,22,5,13,310,338,41,51,22,28,68,42,7,5,3,6
2017-11-27,199,42,19,17,7,23,318,319,32,52,25,24,68,42,7,5,3,6
2017-11-28,221,42,17,17,8,30,284,336,16,67,21,23,68,42,7,5,3,6
2017-11-29,292,42,5,22,7,23,305,364,25,58,14,57,68,42,7,5,3,6
2017-11-30,229,42,18,18,8,17,320,315,27,59,18,42,68,42,7,5,3,6
2018-09-01,68,42,7,5,3,6,128,66,27,6,8,10,68,42,7,5,3,6
2018-09-02,60,42,14,5,4,6,115,64,52,7,11,11,60,42,14,5,4,6
2018-09-03,66,36,19,6,3,5,128,67,11,6,11,10,66,36,19,6,3,5
2018-09-04,65,45,9,6,2,6,144,72,14,5,9,8,65,45,9,6,2,6
2018-09-05,77,47,27,5,3,6,117,89,22,5,8,7,77,47,27,5,3,6
2018-09-06,67,35,11,5,3,6,120,65,22,8,8,11,67,35,11,5,3,6
2018-09-07,57,16,20,6,4,6,123,64,13,5,8,7,57,16,20,6,4,6
2018-09-08,32,39,15,5,4,6,122,42,11,3,12,5,32,39,15,5,4,6
2018-09-09,61,26,18,5,3,6,94,55,19,3,15,6,61,26,18,5,3,6
2018-09-10,57,23,25,9,3,5,105,64,17,4,11,6,57,23,25,9,3,5
2018-09-11,62,34,23,12,4,6,95,90,12,4,8,6,62,34,23,12,4,6
2018-09-12,60,50,10,12,10,6,93,103,13,3,8,5,60,50,10,12,10,6
2018-09-13,56,48,17,10,4,6,99,88,17,4,12,7,56,48,17,10,4,6
2018-09-14,61,35,8,10,1,9,103,89,19,6,15,10,61,35,8,10,1,9
2018-09-15,48,26, ,11,1,8,118,92,15,9,12,5,48,26,11,11,1,8
2018-09-16,54,32,11,10,2,8,121,115,28,3,8,6,54,32,11,10,2,8
2018-09-17,71,56,18,14,17,8,143,129,33,5,8,7,71,56,18,14,17,8
2018-09-18,108,65,20,1,2,4,144,130,38,8,9,8,108,65,20,1,2,4
2018-09-19,133,79,21, ,2,7,149,136,56,20,16,12,133,79,21,9,2,7
2018-09-20,148,76,3, ,2,7,163,77,17,13,9,6,148,76,3,9,2,7
2018-09-21,138,47,1, ,6,4,118,44,12,13,11,6,138,47,1,9,6,4
2018-09-22,97, , , ,2,5,80,51,14,10,10,6,97,34,6,9,2,5
2018-09-23,65,34,6,9,2,5,100,33,9,35,10,6,65,34,6,9,2,5
2018-09-24,65,34,6,9,2,5,74,42,14,18,8,7,65,34,6,9,2,5
2018-09-25,49,46,6,9,1,5,87,78,29,24,12,6,49,46,6,9,1,5
2018-09-26,102,60,7,9,3,6,116,119,37,26,15,17,102,60,7,9,3,6
2018-09-27,130,70,7,9,11,8,162,128,32,28,12,24,130,70,7,9,11,8
2018-09-28,136,21,2,9,16,6,164,136,32,34,7,19,136,21,2,9,16,6
2018-09-29,57,23,3,9,30,12,157,103,40,29,15,12,57,23,3,9,30,12
2018-09-30,57,32,3,9,19,8,150,136,41,35,16,17,57,32,3,9,19,8
2018-10-01,73,32,3,9,17,9,166,122,34,31,7,12,73,32,3,9,17,9
2018-10-02,73,32,3,9,78,10,160,101,19,40,13,17,73,32,3,9,78,10
2018-10-03,74,38,3,9,21,8,140,140,2,41,8,14,74,38,3,9,21,8
2018-10-04,82,45,5,9,11,10,172,169,49,53,9,18,82,45,5,9,11,10
2018-10-05,94,68,9,9,4,8,193,157,37,37,10,15,94,68,9,9,4,8
2018-10-06,129,80,6,14,3,9,170,162,47,40,9,15,129,80,6,14,3,9
2018-10-07,152,91,14,10,4,10,173,232,98,47,12,21,152,91,14,10,4,10
2018-10-08,152,96,10,8,5,7,203,200,57,36,11,19,152,96,10,8,5,7
2018-10-09,146,85,10,5,6,14,193,135,33,36,9,13,146,85,10,5,6,14
2018-10-10,161,64,8,5,5,7,172,135,30,27,9,10,161,64,8,5,5,7
2018-10-11,129,60,12,5,5,6,142,132,47,37,11,14,129,60,12,5,5,6
2018-10-12,131,52,3,5,4,5,160,253,48,31,10,14,131,52,3,5,4,5
2018-10-13,124,65, ,5,4,7,195,266,43,28,10,13,124,65,4,5,4,7
2018-10-14,149,66, ,5,4,6,172,266,52,36,11,19,149,66,4,5,4,6
2018-10-15,140,79, ,5,6,10,197,210,53,34,9,24,140,79,4,5,6,10
2018-10-16,157,78, ,5,9,10,201,232,51,28,9,19,157,78,4,5,9,10
2018-10-17,156,92,4,5,7,10,206,191,31,27,9,24,156,92,4,5,7,10
2018-10-18,169,63,14,5,3,8,195,184,66,48,8,14,169,63,14,5,3,8
2018-10-19,146,71,9,5,4,7,201,211,55,58,10,15,146,71,9,5,4,7
2018-10-20,149,61,10,5,4,5,237,200,46,49,11,24,149,61,10,5,4,5
2018-10-21,143,80,17,5,4,6,213,182,43,48,10,24,143,80,17,5,4,6
2018-10-22,161,72,6,4,8,11,189,242,46,53,9,20,161,72,6,4,8,11
2018-10-23,150,71,6,4,7,11,202,267,57,55,7,25,150,71,6,4,7,11
2018-10-24,158,70,4,4,3,12,238,268,36,57,7,28,158,70,4,4,3,12
2018-10-25,159,78,6,5,6,9,229,266,29,30,6,31,159,78,6,5,6,9
2018-10-26,165,78,4,5,5,6,243,285,55,24,4,28,165,78,4,5,5,6
2018-10-27,150,85,6,5,4,8,268,281,50,19,4,15,150,85,6,5,4,8
2018-10-28,164,82,5,5,4,7,287,351,40,23,4,33,164,82,5,5,4,7
2018-10-29,142,85,14,5,4,8,328,422,25,24,3,26,142,85,14,5,4,8
2018-10-30,150,77,18,6,5,7,337,295,46,21,3,26,150,77,18,6,5,7
2018-10-31,135,84,8,5,4,10,277,284,40,24,3,25,135,84,8,5,4,10
2018-11-01,154,68,9,5,8,6,279,238,38,24,3,22,154,68,9,5,8,6
2018-11-02,119,41,8,5,7,5,263,194,19,20,29,11,119,41,8,5,7,5
2018-11-03,58,131,6,5,7,4,241,162,5,33,2,9,58,131,6,5,7,4
2018-11-04,143,52,12,5,4,4,230,388,24,36,4,12,143,52,12,5,4,4
2018-11-05,133,68,14,5,3,4,393,208,37,27,2,9,133,68,14,5,3,4
2018-11-06,141,84,14,7,5,9,247,303,49,23,4,15,141,84,14,7,5,9
2018-11-07,158,199,5,10,10, ,288,527,18,29,8,21,158,199,5,10,10,500
2018-11-08,161,129,5,5,5, ,492,259,44,31,4,22,161,129,5,5,5,500
2018-11-09,129,107,4,5,5, ,352,442,35,42,3,27,129,107,4,5,5,500
2018-11-10,129,84,5,5,5, ,360,312,43,46,3,24,129,84,5,5,5,500
2018-11-11,129,91,10,5,6,10,290,366,41,66,3,25,129,91,10,5,6,500
2018-11-12,129,86,4,5, ,9,329,308,28,64,2,17,129,86,4,5,1,269
2018-11-13,130,66,4,4, , ,310,139,24,40,2,18,130,66,4,4,1,3
2018-11-14,133,39,8,4, , ,198,112,19,40,1,11,133,39,8,4,1,3
2018-11-15,112, ,3,4, , ,171,147,24,39,2,8,112,79,3,4,1,3
2018-11-16,85,79,6,5, , ,217,165,23,45,2,19,85,79,6,5,1,3
2018-11-17,123,101,6,4, , ,203,172,22,44,2,18,123,101,6,4,1,3
2018-11-18,141,87,9,4, , ,211,171,19,49,2,12,141,87,9,4,1,3
2018-11-19,132,76,13,4, , ,225,245,21,53,3,18,132,76,13,4,1,3
2018-11-20,116,69,11,5, , ,261,261,20,51,3,16,116,69,11,5,1,3
2018-11-21,107,91,9,5, , ,291,187,15,65,4,18,107,91,9,5,1,3
2018-11-22,125,78,11,5, , ,192,192,18,54,3,15,125,78,11,5,1,3
2018-11-23,114,63,11,5, , ,232,157,13,39,2,9,114,63,11,5,1,3
2018-11-24,84,102,3,7, , ,176,161,13,49,3,12,84,102,3,7,1,3
2018-11-25,147,104,9,4, , ,185,264,17,54,5,13,147,104,9,4,1,3
2018-11-26,125,110,5,4, , ,269,236,14,41,3,25,125,110,5,4,1,3
2018-11-27,120,101,7,5, , ,251,244,13,43,3,25,120,101,7,5,1,3
2018-11-28,126,74,11,4,1,3,247,227,13,49,2,17,126,74,11,4,1,3
2018-11-29,109,75,10,5, , ,237,198,12,52,2,15,109,75,10,5,3,5
2018-11-30,105,73,8,5,3,5,246,225,13,46,3,20,105,73,8,5,3,5
2019-09-01,61,,17,3,10,8,174,72,43,20,10,15,67,74,12,4,4,1
2019-09-02,61,,21,3,9,14,174,106,29,25,8,16,56,121,12,3,3,1
2019-09-03,140,,17,3,11,11,174,107,24,25,3,15,89,151,12,10,3,1
2019-09-04,115,,13,3,9,7,174,64,25,15,2,14,99,49,11,9,1,1
2019-09-05,73,,12,3,10,9,174,65,23,15,3,14,66,55,9,12,2,1
2019-09-06,69,,15,3,9,7,174,60,24,14,5,15,70,66,10,10,1,1
2019-09-07,68,,22,3,10,7,174,72,35,17,3,16,97,60,10,3,1,1
2019-09-08,60,,67,3,10,9,174,99,29,20,3,16,119,57,13,4,1,1
2019-09-09,110,,68,3,19,9,174,104,46,23,3,17,98,75,12,8,3,1
2019-09-10,151,,50,3,12,7,474,130,38,26,3,19,121,75,11,8,3,1
2019-09-11,151,,15,3,9,7,474,94,20,18,2,14,124,86,11,8,3,1
2019-09-12,136,,9,3,3,7,474,60,17,14,2,13,136,57,9,8,3,1
2019-09-13,72,,20,5,2,9,474,52,30,12,3,13,99,69,9,10,3,1
2019-09-14,69,,9,3,3,7,474,56,31,12,3,14,120,58,9,8,3,1
2019-09-15,72,,52,3,4,18,474,90,43,22,3,16,100,55,12,7,3,1
2019-09-16,142,,48,3,4,12,474,90,59,25,2,15,96,75,16,8,3,1
2019-09-17,139,,28,3,2,8,474,63,27,15,2,12,111,64,9,10,3,1
2019-09-18,79,,29,3,1,7,474,47,19,13,3,13,112,60,9,11,4,1
2019-09-19,58,,20,3,1,8,474,62,22,16,3,14,82,64,17,11,6,1
2019-09-20,80,,23,3,3,6,474,76,30,14,3,12,109,54,22,10,5,1
2019-09-21,90,,18,3,4,8,474,51,14,17,3,13,99,68,14,13,4,1
2019-09-22,72,,23,3,3,7,474,56,28,16,2,13,113,62,25,8,4,1
2019-09-23,59,,23,3,4,8,474,68,27,18,3,13,108,75,18,12,6,1
2019-09-24,93,,26,3,4,9,474,55,28,18,3,13,133,73,17,16,3,1
2019-09-25,75,,24,3,5,7,474,47,14,13,2,7,133,65,6,19,5,1
2019-09-26,52,,12,3,7,8,474,37,9,3,1,5,113,43,19,13,2,1
2019-09-27,33,,15,3,7,8,474,51,15,6,1,7,78,49,12,9,2,1
2019-09-28,49,,23,3,7,6,474,36,18,16,1,6,91,32,10,10,2,1
2019-09-29,22,,23,3,3,11,474,46,24,16,1,18,66,42,8,12,3,1
2019-09-30,71,,23,3,1,8,474,57,26,16,3,6,77,59,11,11,6,1
2019-10-01,72,,31,7,2,9,474,94,42,16,2,17,108,61,18,14,7,1
2019-10-02,70,,45,7,4,12,474,95,52,16,2,10,120,54,20,11,4,1
2019-10-03,138,,48,7,3,10,474,561,11,16,5,10,105,37,16,11,4,1
2019-10-04,132,,50,7,5,16,174,91,36,21,2,15,64,46,21,12,3,1
2019-10-05,108,,27,7,5,14,174,99,43,26,1,8,84,58,21,18,3,1
2019-10-06,142,,31,7,1,15,174,99,43,26,1,8,121,60,20,13,3,1
2019-10-07,137,,47,7,2,8,174,93,33,22,1,8,113,48,21,19,3,1
2019-10-08,113,,43,7,3,11,174,87,39,19,1,10,87,61,22,19,3,1
2019-10-09,150,,65,7,6,15,174,113,47,26,1,15,117,62,24,19,5,1
2019-10-10,155,,71,7,6,17,174,118,62,31,5,10,109,64,17,21,4,1
2019-10-11,171,,71,7,6,17,174,121,57,35,2,3,130,76,14,19,3,1
2019-10-12,172,,73,7,5,23,174,121,50,30,2,3,148,70,13,18,1,1
2019-10-13,179,,51,7,7,24,188,145,38,30,2,3,149,81,12,20,1,1
2019-10-14,186,,76,7,5,25,188,167,43,28,3,3,149,101,13,21,3,1
2019-10-15,206,,63,7,3,19,188,169,49,32,3,17,164,108,12,20,3,1
2019-10-16,200,,53,7,2,16,188,173,52,33,4,6,172,107,10,16,4,1
2019-10-17,173,,41,7,4,15,190,142,26,28,4,14,167,84,11,13,5,1
2019-10-18,158,,83,7,6,19,182,123,30,23,3,30,137,56,14,13,2,1
2019-10-19,148,,52,7,6,18,194,121,46,26,36,7,117,66,14,14,1,1
2019-10-20,157,,59,7,5,18,196,127,33,13,3,9,130,88,16,11,2,1
2019-10-21,174,,51,7,5,13,197,133,37,13,4,2,155,102,17,11,3,1
2019-10-22,150,,76,7,4,17,183,144,34,14,5,18,159,108,14,13,3,1
2019-10-23,176,,30,7,5,27,182,173,9,26,4,15,162,110,7,16,6,1
2019-10-24,201,,58,7,4,14,191,210,10,43,5,27,167,108,16,29,5,1
2019-10-25,180,,55,7,5,16,202,174,10,22,5,24,169,111,13,19,6,1
2019-10-26,194,,72,7,10,16,203,207,11,16,5,21,175,145,16,17,10,1
2019-10-27,245,,74,7,16,14,287,251,13,15,5,11,202,272,7,17,16,1
2019-10-28,284,,34,7,8,26,359,385,14,25,6,10,275,133,7,21,4,1
2019-10-29,305,,50,7,8,26,276,318,10,21,6,19,182,145,10,17,3,1
2019-10-30,328,,48,7,8,27,276,321,13,18,5,22,183,130,8,18,3,1
2019-10-31,309,,61,7,9,30,260,327,14,20,5,23,189,159,20,16,2,1
2019-11-01,441,,29,7,6,21,370,430,15,27,4,10,195,184,12,10,1,1
2019-11-02,330,,38,7,4,25,288,281,11,17,5,10,194,202,16,12,2,1
2019-11-03,464,,54,7,6,15,474,561,11,16,5,10,236,94,17,10,2,1
2019-11-04,294,,56,7,7,12,290,206,17,15,5,9,161,114,18,16,2,1
2019-11-05,218,,39,7,9,14,250,149,18,15,6,10,162,171,11,19,5,1
2019-11-06,184,,25,7,7,18,155,113,14,14,5,11,205,66,12,13,4,1
2019-11-07,230,,64,7,6,22,222,171,8,5,5,9,109,46,16,9,4,1
2019-11-08,228,,47,7,8,16,199,145,17,3,5,12,86,63,15,9,2,1
2019-11-09,182,,61,7,6,15,188,131,17,9,5,8,115,87,18,10,2,1
2019-11-10,234,,59,7,10,20,216,155,22,13,6,14,160,123,16,8,2,1
2019-11-11,277,,64,7,10,24,264,244,24,16,6,23,180,151,16,7,2,1
2019-11-12,363,,32,7,13,29,364,369,28,18,6,17,187,137,9,7,2,1
2019-11-13,384,,42,7,12,33,392,403,23,27,5,14,181,149,10,7,2,1
2019-11-14,364,,34,7,6,29,390,423,12,45,6,25,183,117,5,7,2,1
2019-11-15,438,,49,7,7,13,384,379,21,29,6,21,165,121,3,5,2,1
2019-11-16,224,,33,7,9,10,220,170,22,13,6,7,133,73,3,10,1,1
2019-11-17,154,,34,7,7,11,155,104,20,8,5,5,102,89,3,10,2,1
2019-11-18,154,,47,7,7,15,170,111,22,4,5,10,130,115,9,10,2,1
2019-11-19,183,,34,7,7,27,177,130,21,4,6,15,166,98,4,12,3,1
2019-11-20,216,,92,7,28,32,206,185,27,8,7,20,167,106,9,19,3,3
2019-11-21,303,,71,7,15,24,230,219,38,30,7,27,171,77,10,19,2,
2019-11-22,214,,32,7,11,17,222,205,31,17,6,20,155,57,15,18,2,
2019-11-23,186,,48,7,9,11,187,151,16,12,5,8,116,59,14,21,2,
2019-11-24,170,,54,7,25,16,167,111,20,11,6,5,122,70,14,22,2,
2019-11-25,172,,46,7,40,14,184,155,16,22,7,16,133,77,5,25,5,
2019-11-26,177,,41,7,19,11,169,125,61,22,5,11,137,55,8,26,3,
2019-11-27,136,,19,7,10,9,131,91,16,22,6,7,98,44,7,23,2,
2019-11-28,90,,28,7,15,12,79,49,16,8,5,3,98,44,6,21,2,
2019-11-29,133,,30,7,12,14,114,72,17,17,7,8,83,40,10,17,1,
2019-11-30,168,,43,7,10,14,165,99,15,17,5,8,83,58,6,16,2,
